ctime,schemaname,relname,seq_scan,seq_tup_read,idx_scan,idx_tup_fetch,n_tup_ins,n_tup_upd,n_tup_del,n_tup_hot_upd,n_live_tup,n_dead_tup,heap_blks_read,heap_blks_hit,idx_blks_read,idx_blks_hit,toast_blks_read,toast_blks_hit,tidx_blks_read,tidx_blks_hit
1416443816.78439,pg_catalog,pg_attrdef,0,0,0,0,0,0,0,0,0,0,0,0,0,0,0,0,0,0
1416443816.78439,pg_catalog,pg_db_role_setting,0,0,19164,0,0,0,0,0,0,0,0,0,44,19120,0,0,0,0
1416443816.78439,pg_toast,pg_toast_12713,0,0,0,0,0,0,0,0,0,0,0,0,0,0,,,,
1416443816.78439,pg_catalog,pg_rowsecurity,0,0,0,0,0,0,0,0,0,0,0,0,0,0,,,,
1416443816.78439,pg_catalog,pg_description,0,0,663,0,0,0,0,0,0,0,0,0,219,1254,0,0,0,0
1416443816.78439,public,orders,0,0,,,0,0,0,0,0,0,0,0,,,,,,
1416443816.78439,pg_catalog,pg_foreign_data_wrapper,0,0,0,0,0,0,0,0,0,0,0,0,0,0,,,,
1416443816.78439,pg_catalog,pg_conversion,0,0,0,0,0,0,0,0,0,0,0,0,0,0,,,,
1416443816.78439,public,part,0,0,,,0,0,0,0,0,0,0,0,,,,,,
1416443816.78439,pg_catalog,pg_class,1384,311830,114946,105730,280,78,270,72,313,60,1024,117512,977,240760,,,,
1416443816.78439,information_schema,sql_implementation_info,0,0,,,0,0,0,0,0,0,0,0,,,0,0,0,0
1416443816.78439,pg_catalog,pg_opfamily,0,0,0,0,0,0,0,0,0,0,0,0,0,0,,,,
1416443816.78439,pg_catalog,pg_auth_members,0,0,0,0,0,0,0,0,0,0,0,0,0,0,,,,
1416443816.78439,pg_catalog,pg_operator,0,0,35194,183901,0,0,0,0,0,0,829,127386,712,76469,,,,
1416443816.78439,information_schema,sql_languages,0,0,,,0,0,0,0,0,0,0,0,,,0,0,0,0
1416443816.78439,pg_toast,pg_toast_12693,0,0,0,0,0,0,0,0,0,0,0,0,0,0,,,,
1416443816.78439,pg_catalog,pg_attribute,319,2175,92958,209016,1136,30,1002,7,2470,342,2676,108330,845,195314,,,,
1416443816.78439,pg_toast,pg_toast_12698,0,0,0,0,0,0,0,0,0,0,0,0,0,0,,,,
1416443816.78439,pg_catalog,pg_tablespace,2,4,3278,3278,0,0,0,0,0,0,76,3204,161,6413,,,,
1416443816.78439,pg_catalog,pg_statistic,0,0,24456,23406,237,516,237,262,401,159,1610,23828,277,52993,5576,21967,230,19409
1416443816.78439,pg_toast,pg_toast_12703,0,0,0,0,0,0,0,0,0,0,0,0,0,0,,,,
1416443816.78439,information_schema,sql_packages,0,0,,,0,0,0,0,0,0,0,0,,,0,0,0,0
1416443816.78439,information_schema,sql_sizing_profiles,0,0,,,0,0,0,0,0,0,0,0,,,0,0,0,0
1416443816.78439,pg_catalog,pg_aggregate,0,0,2437,2437,0,0,0,0,0,0,154,2283,358,3892,,,,
1416443816.78439,pg_catalog,pg_inherits,0,0,147,0,0,0,0,0,0,0,0,0,77,70,,,,
1416443816.78439,pg_catalog,pg_enum,0,0,0,0,0,0,0,0,0,0,0,0,0,0,,,,
1416443816.78439,pg_toast,pg_toast_2396,0,0,0,0,0,0,0,0,0,0,0,0,0,0,,,,
1416443816.78439,pg_catalog,pg_pltemplate,0,0,0,0,0,0,0,0,0,0,0,0,0,0,,,,
1416443816.78439,pg_toast,pg_toast_2618,0,0,505,1612,0,0,0,0,0,0,334,288,98,718,,,,
1416443816.78439,public,supplier,0,0,,,0,0,0,0,0,0,0,0,,,,,,
1416443816.78439,pg_toast,pg_toast_3596,0,0,0,0,0,0,0,0,0,0,0,0,0,0,,,,
1416443816.78439,information_schema,sql_features,0,0,,,0,0,0,0,0,0,0,0,,,0,0,0,0
1416443816.78439,pg_toast,pg_toast_2606,0,0,0,0,0,0,0,0,0,0,0,0,0,0,,,,
1416443816.78439,pg_toast,pg_toast_12723,0,0,0,0,0,0,0,0,0,0,0,0,0,0,,,,
1416443816.78439,pg_toast,pg_toast_2964,0,0,0,0,0,0,0,0,0,0,0,0,0,0,,,,
1416443816.78439,public,time_statistics,0,0,,,1,0,0,0,1,0,1,0,,,,,,
1416443816.78439,pg_catalog,pg_database,326,1232,15459,15457,1,0,0,0,1,0,29,15755,201,24830,,,,
1416443816.78439,information_schema,sql_sizing,0,0,,,0,0,0,0,0,0,0,0,,,0,0,0,0
1416443816.78439,pg_toast,pg_toast_2620,0,0,0,0,0,0,0,0,0,0,0,0,0,0,,,,
1416443816.78439,pg_catalog,pg_depend,0,0,6325,6762,1154,0,1125,0,7046,1126,882,7488,1574,16278,,,,
1416443816.78439,pg_catalog,pg_language,0,0,0,0,0,0,0,0,0,0,0,0,0,0,,,,
1416443816.78439,pg_catalog,pg_amproc,58,116,22434,66118,0,0,0,0,0,0,409,21875,213,49375,,,,
1416443816.78439,pg_catalog,pg_collation,0,0,0,0,0,0,0,0,0,0,0,0,0,0,,,,
1416443816.78439,pg_toast,pg_toast_12708,0,0,0,0,0,0,0,0,0,0,0,0,0,0,,,,
1416443816.78439,pg_catalog,pg_range,0,0,1095,0,0,0,0,0,0,0,0,0,346,1844,,,,
1416443816.78439,pg_toast,pg_toast_2609,0,0,0,0,0,0,0,0,0,0,0,0,0,0,,,,
1416443816.78439,pg_catalog,pg_opclass,58,58,30037,312175,0,0,0,0,0,0,153,124990,364,36358,,,,
1416443816.78439,pg_catalog,pg_rewrite,0,0,1167,933,78,0,78,0,112,6,529,933,270,1720,334,288,196,1436
1416443816.78439,pg_toast,pg_toast_1255,0,0,0,0,0,0,0,0,0,0,0,0,0,0,,,,
1416443816.78439,pg_catalog,pg_seclabel,0,0,663,0,0,0,0,0,0,0,0,0,71,592,0,0,0,0
1416443816.78439,pg_catalog,pg_ts_parser,0,0,0,0,0,0,0,0,0,0,0,0,0,0,,,,
1416443816.78439,pg_catalog,pg_trigger,0,0,0,0,0,0,0,0,0,0,0,0,0,0,0,0,0,0
1416443816.78439,pg_catalog,pg_shseclabel,0,0,0,0,0,0,0,0,0,0,0,0,0,0,,,,
1416443816.78439,pg_catalog,pg_event_trigger,0,0,281,0,0,0,0,0,0,0,0,0,73,208,,,,
1416443816.78439,pg_catalog,pg_foreign_table,0,0,0,0,0,0,0,0,0,0,0,0,0,0,,,,
1416443816.78439,public,region,0,0,,,0,0,0,0,0,0,0,0,,,,,,
1416443816.78439,pg_catalog,pg_extension,0,0,0,0,0,0,0,0,0,0,0,0,0,0,,,,
1416443816.78439,public,lineitem,0,0,,,0,0,0,0,0,0,0,0,,,,,,
1416443816.78439,pg_catalog,pg_ts_config,0,0,0,0,0,0,0,0,0,0,0,0,0,0,,,,
1416443816.78439,public,nation,0,0,,,0,0,0,0,0,0,0,0,,,,,,
1416443816.78439,pg_catalog,pg_shdescription,0,0,0,0,0,0,0,0,0,0,0,0,0,0,0,0,0,0
1416443816.78439,pg_catalog,pg_cast,0,0,152903,36454,0,0,0,0,0,0,165,36289,105,157229,,,,
1416443816.78439,pg_catalog,pg_amop,0,0,38233,67192,0,0,0,0,0,0,277,64214,622,81285,,,,
1416443816.78439,pg_catalog,pg_user_mapping,0,0,0,0,0,0,0,0,0,0,0,0,0,0,,,,
1416443816.78439,pg_catalog,pg_type,0,0,109172,108046,310,0,291,0,364,47,585,108688,983,224593,,,,
1416443816.78439,information_schema,sql_parts,0,0,,,0,0,0,0,0,0,0,0,,,0,0,0,0
1416443816.78439,pg_catalog,pg_largeobject,0,0,0,0,0,0,0,0,0,0,0,0,0,0,,,,
1416443816.78439,pg_catalog,pg_ts_config_map,0,0,0,0,0,0,0,0,0,0,0,0,0,0,,,,
1416443816.78439,pg_catalog,pg_largeobject_metadata,0,0,0,0,0,0,0,0,0,0,0,0,0,0,,,,
1416443816.78439,pg_catalog,pg_am,6709,6709,0,0,0,0,0,0,0,0,49,6660,0,0,,,,
1416443816.78439,pg_toast,pg_toast_12718,0,0,0,0,0,0,0,0,0,0,0,0,0,0,,,,
1416443816.78439,pg_catalog,pg_ts_template,0,0,0,0,0,0,0,0,0,0,0,0,0,0,,,,
1416443816.78439,pg_catalog,pg_foreign_server,0,0,0,0,0,0,0,0,0,0,0,0,0,0,,,,
1416443816.78439,pg_catalog,pg_namespace,246,2186,22094,17488,4,0,0,0,4,0,55,17690,267,26806,,,,
1416443816.78439,public,customer,0,0,,,0,0,0,0,0,0,0,0,,,,,,
1416443816.78439,pg_toast,pg_toast_2619,0,0,16754,57625,844,0,834,0,20,293,5576,21967,230,19409,,,,
1416443816.78439,pg_catalog,pg_authid,121,121,9222,9222,0,0,0,0,0,0,47,9296,212,18232,,,,
1416443816.78439,pg_catalog,pg_default_acl,0,0,628,0,0,0,0,0,0,0,0,0,65,563,,,,
1416443816.78439,pg_catalog,pg_shdepend,0,0,751,152,0,0,0,0,0,0,72,80,290,747,,,,
1416443816.78439,pg_catalog,pg_constraint,0,0,48,24,24,0,24,0,0,24,14,131,26,238,0,0,0,0
1416443816.78439,pg_catalog,pg_index,689,68303,49277,70998,123,0,123,0,115,41,526,57625,315,56425,,,,
1416443816.78439,public,partsupp,0,0,,,0,0,0,0,0,0,0,0,,,,,,
1416443816.78439,pg_catalog,pg_ts_dict,0,0,0,0,0,0,0,0,0,0,0,0,0,0,,,,
1416443816.78439,pg_toast,pg_toast_2604,0,0,0,0,0,0,0,0,0,0,0,0,0,0,,,,
1416443816.78439,pg_catalog,pg_proc,0,0,40141,59721,0,0,0,0,0,0,3778,39639,1534,87460,0,0,0,0
1416443876.78552,pg_catalog,pg_attrdef,0,0,0,0,0,0,0,0,0,0,0,0,0,0,0,0,0,0
1416443876.78552,pg_catalog,pg_db_role_setting,0,0,19428,0,0,0,0,0,0,0,0,0,45,19383,0,0,0,0
1416443876.78552,pg_toast,pg_toast_12713,0,0,0,0,0,0,0,0,0,0,0,0,0,0,,,,
1416443876.78552,pg_catalog,pg_rowsecurity,0,0,0,0,0,0,0,0,0,0,0,0,0,0,,,,
1416443876.78552,pg_catalog,pg_description,0,0,663,0,0,0,0,0,0,0,0,0,219,1254,0,0,0,0
1416443876.78552,public,orders,0,0,,,0,0,0,0,0,0,0,0,,,,,,
1416443876.78552,pg_catalog,pg_foreign_data_wrapper,0,0,0,0,0,0,0,0,0,0,0,0,0,0,,,,
1416443876.78552,pg_catalog,pg_conversion,0,0,0,0,0,0,0,0,0,0,0,0,0,0,,,,
1416443876.78552,public,part,6,12000000,0,0,2000000,0,0,0,2000000,0,79009,408772,42753,3,,,,
1416443876.78552,pg_catalog,pg_class,1430,318511,115900,106621,297,78,270,72,326,66,1024,118851,977,242865,,,,
1416443876.78552,information_schema,sql_implementation_info,0,0,,,0,0,0,0,0,0,0,0,,,0,0,0,0
1416443876.78552,pg_catalog,pg_opfamily,0,0,0,0,0,0,0,0,0,0,0,0,0,0,,,,
1416443876.78552,pg_catalog,pg_auth_members,0,0,0,0,0,0,0,0,0,0,0,0,0,0,,,,
1416443876.78552,pg_catalog,pg_operator,0,0,35252,184015,0,0,0,0,0,0,841,127469,713,76604,,,,
1416443876.78552,information_schema,sql_languages,0,0,,,0,0,0,0,0,0,0,0,,,0,0,0,0
1416443876.78552,pg_toast,pg_toast_12693,0,0,0,0,0,0,0,0,0,0,0,0,0,0,,,,
1416443876.78552,pg_catalog,pg_attribute,341,2325,93796,211191,1161,37,1002,14,2495,349,2697,109654,846,197149,,,,
1416443876.78552,pg_toast,pg_toast_12698,0,0,0,0,0,0,0,0,0,0,0,0,0,0,,,,
1416443876.78552,pg_catalog,pg_tablespace,2,4,3285,3285,0,0,0,0,0,0,77,3210,164,6426,,,,
1416443876.78552,pg_catalog,pg_statistic,0,0,24643,23549,275,640,237,359,439,124,1624,24314,277,53513,5614,22532,230,19630
1416443876.78552,pg_toast,pg_toast_12703,0,0,0,0,0,0,0,0,0,0,0,0,0,0,,,,
1416443876.78552,information_schema,sql_packages,0,0,,,0,0,0,0,0,0,0,0,,,0,0,0,0
1416443876.78552,information_schema,sql_sizing_profiles,0,0,,,0,0,0,0,0,0,0,0,,,0,0,0,0
1416443876.78552,pg_catalog,pg_aggregate,0,0,2438,2438,0,0,0,0,0,0,155,2283,360,3892,,,,
1416443876.78552,pg_catalog,pg_inherits,0,0,147,0,0,0,0,0,0,0,0,0,77,70,,,,
1416443876.78552,pg_catalog,pg_enum,0,0,0,0,0,0,0,0,0,0,0,0,0,0,,,,
1416443876.78552,pg_toast,pg_toast_2396,0,0,0,0,0,0,0,0,0,0,0,0,0,0,,,,
1416443876.78552,pg_catalog,pg_pltemplate,0,0,0,0,0,0,0,0,0,0,0,0,0,0,,,,
1416443876.78552,pg_toast,pg_toast_2618,0,0,510,1628,0,0,0,0,0,0,339,289,98,726,,,,
1416443876.78552,public,supplier,4,400000,0,0,100000,0,0,0,100000,0,2314,20010,276,3,,,,
1416443876.78552,pg_toast,pg_toast_3596,0,0,0,0,0,0,0,0,0,0,0,0,0,0,,,,
1416443876.78552,information_schema,sql_features,0,0,,,0,0,0,0,0,0,0,0,,,0,0,0,0
1416443876.78552,pg_toast,pg_toast_2606,0,0,0,0,0,0,0,0,0,0,0,0,0,0,,,,
1416443876.78552,pg_toast,pg_toast_12723,0,0,0,0,0,0,0,0,0,0,0,0,0,0,,,,
1416443876.78552,pg_toast,pg_toast_2964,0,0,0,0,0,0,0,0,0,0,0,0,0,0,,,,
1416443876.78552,public,time_statistics,0,0,,,1,0,0,0,1,0,1,0,,,,,,
1416443876.78552,pg_catalog,pg_database,336,1266,15670,15668,1,0,0,0,1,0,29,15976,205,25168,,,,
1416443876.78552,information_schema,sql_sizing,0,0,,,0,0,0,0,0,0,0,0,,,0,0,0,0
1416443876.78552,pg_toast,pg_toast_2620,0,0,0,0,0,0,0,0,0,0,0,0,0,0,,,,
1416443876.78552,pg_catalog,pg_depend,0,0,6395,6826,1188,0,1125,0,7080,1126,889,7596,1578,16584,,,,
1416443876.78552,pg_catalog,pg_language,0,0,0,0,0,0,0,0,0,0,0,0,0,0,,,,
1416443876.78552,pg_catalog,pg_amproc,62,124,22585,66395,0,0,0,0,0,0,409,22037,213,49714,,,,
1416443876.78552,pg_catalog,pg_collation,0,0,0,0,0,0,0,0,0,0,0,0,0,0,,,,
1416443876.78552,pg_toast,pg_toast_12708,0,0,0,0,0,0,0,0,0,0,0,0,0,0,,,,
1416443876.78552,pg_catalog,pg_range,0,0,1095,0,0,0,0,0,0,0,0,0,346,1844,,,,
1416443876.78552,pg_toast,pg_toast_2609,0,0,0,0,0,0,0,0,0,0,0,0,0,0,,,,
1416443876.78552,pg_catalog,pg_opclass,62,62,30274,315677,0,0,0,0,0,0,153,126131,364,36659,,,,
1416443876.78552,pg_catalog,pg_rewrite,0,0,1174,940,78,0,78,0,112,6,533,936,270,1732,339,289,196,1452
1416443876.78552,pg_toast,pg_toast_1255,0,0,0,0,0,0,0,0,0,0,0,0,0,0,,,,
1416443876.78552,pg_catalog,pg_seclabel,0,0,663,0,0,0,0,0,0,0,0,0,71,592,0,0,0,0
1416443876.78552,pg_catalog,pg_ts_parser,0,0,0,0,0,0,0,0,0,0,0,0,0,0,,,,
1416443876.78552,pg_catalog,pg_trigger,0,0,0,0,0,0,0,0,0,0,0,0,0,0,0,0,0,0
1416443876.78552,pg_catalog,pg_shseclabel,0,0,0,0,0,0,0,0,0,0,0,0,0,0,,,,
1416443876.78552,pg_catalog,pg_event_trigger,0,0,298,0,0,0,0,0,0,0,0,0,73,225,,,,
1416443876.78552,pg_catalog,pg_foreign_table,0,0,0,0,0,0,0,0,0,0,0,0,0,0,,,,
1416443876.78552,public,region,2,10,0,0,5,0,0,0,5,0,5,7,1,0,,,,
1416443876.78552,pg_catalog,pg_extension,0,0,0,0,0,0,0,0,0,0,0,0,0,0,,,,
1416443876.78552,public,lineitem,0,0,,,0,0,0,0,0,0,0,0,,,,,,
1416443876.78552,pg_catalog,pg_ts_config,0,0,0,0,0,0,0,0,0,0,0,0,0,0,,,,
1416443876.78552,public,nation,2,50,0,0,25,0,0,0,25,0,5,7,1,0,,,,
1416443876.78552,pg_catalog,pg_shdescription,0,0,0,0,0,0,0,0,0,0,0,0,0,0,0,0,0,0
1416443876.78552,pg_catalog,pg_cast,0,0,154203,36691,0,0,0,0,0,0,165,36526,105,158558,,,,
1416443876.78552,pg_catalog,pg_amop,0,0,38395,67408,0,0,0,0,0,0,279,64421,623,81630,,,,
1416443876.78552,pg_catalog,pg_user_mapping,0,0,0,0,0,0,0,0,0,0,0,0,0,0,,,,
1416443876.78552,pg_catalog,pg_type,0,0,109407,108281,310,0,291,0,360,47,590,108928,983,225101,,,,
1416443876.78552,information_schema,sql_parts,0,0,,,0,0,0,0,0,0,0,0,,,0,0,0,0
1416443876.78552,pg_catalog,pg_largeobject,0,0,0,0,0,0,0,0,0,0,0,0,0,0,,,,
1416443876.78552,pg_catalog,pg_ts_config_map,0,0,0,0,0,0,0,0,0,0,0,0,0,0,,,,
1416443876.78552,pg_catalog,pg_largeobject_metadata,0,0,0,0,0,0,0,0,0,0,0,0,0,0,,,,
1416443876.78552,pg_catalog,pg_am,6771,6771,0,0,0,0,0,0,0,0,49,6722,0,0,,,,
1416443876.78552,pg_toast,pg_toast_12718,0,0,0,0,0,0,0,0,0,0,0,0,0,0,,,,
1416443876.78552,pg_catalog,pg_ts_template,0,0,0,0,0,0,0,0,0,0,0,0,0,0,,,,
1416443876.78552,pg_catalog,pg_foreign_server,0,0,0,0,0,0,0,0,0,0,0,0,0,0,,,,
1416443876.78552,pg_catalog,pg_namespace,248,2206,22285,17645,4,0,0,0,4,0,55,17849,267,27034,,,,
1416443876.78552,public,customer,6,9000000,0,0,1500000,0,0,0,1500000,0,68535,365425,17749,3,,,,
1416443876.78552,pg_toast,pg_toast_2619,0,0,16797,57647,1013,0,842,0,181,16,5614,22532,230,19630,,,,
1416443876.78552,pg_catalog,pg_authid,124,124,9351,9351,0,0,0,0,0,0,48,9427,216,18486,,,,
1416443876.78552,pg_catalog,pg_default_acl,0,0,628,0,0,0,0,0,0,0,0,0,65,563,,,,
1416443876.78552,pg_catalog,pg_shdepend,0,0,826,162,0,0,0,0,0,0,73,89,294,838,,,,
1416443876.78552,pg_catalog,pg_constraint,0,0,54,24,30,0,24,0,8,24,18,153,32,286,0,0,0,0
1416443876.78552,pg_catalog,pg_index,708,68892,49694,71549,140,0,123,0,132,41,530,58190,315,56942,,,,
1416443876.78552,public,partsupp,3,24000000,0,0,8000000,0,0,0,8000000,0,340615,1296477,21936,6,,,,
1416443876.78552,pg_catalog,pg_ts_dict,0,0,0,0,0,0,0,0,0,0,0,0,0,0,,,,
1416443876.78552,pg_toast,pg_toast_2604,0,0,0,0,0,0,0,0,0,0,0,0,0,0,,,,
1416443876.78552,pg_catalog,pg_proc,0,0,40233,59854,0,0,0,0,0,0,3794,39736,1539,87656,0,0,0,0
1416443936.78774,pg_catalog,pg_attrdef,0,0,0,0,0,0,0,0,0,0,0,0,0,0,0,0,0,0
1416443936.78774,pg_catalog,pg_db_role_setting,0,0,19472,0,0,0,0,0,0,0,0,0,45,19427,0,0,0,0
1416443936.78774,pg_toast,pg_toast_12713,0,0,0,0,0,0,0,0,0,0,0,0,0,0,,,,
1416443936.78774,pg_catalog,pg_rowsecurity,0,0,0,0,0,0,0,0,0,0,0,0,0,0,,,,
1416443936.78774,pg_catalog,pg_description,0,0,663,0,0,0,0,0,0,0,0,0,219,1254,0,0,0,0
1416443936.78774,public,orders,4,60000000,0,0,15000000,0,0,0,15000000,0,504559,2065393,41130,24,,,,
1416443936.78774,pg_catalog,pg_foreign_data_wrapper,0,0,0,0,0,0,0,0,0,0,0,0,0,0,,,,
1416443936.78774,pg_catalog,pg_conversion,0,0,0,0,0,0,0,0,0,0,0,0,0,0,,,,
1416443936.78774,public,part,6,12000000,0,0,2000000,0,0,0,2000000,0,79009,408772,42753,3,,,,
1416443936.78774,pg_catalog,pg_class,1442,322129,116315,107025,300,78,270,72,329,66,1024,119395,977,243742,,,,
1416443936.78774,information_schema,sql_implementation_info,0,0,,,0,0,0,0,0,0,0,0,,,0,0,0,0
1416443936.78774,pg_catalog,pg_opfamily,0,0,0,0,0,0,0,0,0,0,0,0,0,0,,,,
1416443936.78774,pg_catalog,pg_auth_members,0,0,0,0,0,0,0,0,0,0,0,0,0,0,,,,
1416443936.78774,pg_catalog,pg_operator,0,0,35275,184038,0,0,0,0,0,0,841,127492,713,76660,,,,
1416443936.78774,information_schema,sql_languages,0,0,,,0,0,0,0,0,0,0,0,,,0,0,0,0
1416443936.78774,pg_toast,pg_toast_12693,0,0,0,0,0,0,0,0,0,0,0,0,0,0,,,,
1416443936.78774,pg_catalog,pg_attribute,341,2325,94079,211751,1166,38,1002,15,2500,350,2697,109970,846,197752,,,,
1416443936.78774,pg_toast,pg_toast_12698,0,0,0,0,0,0,0,0,0,0,0,0,0,0,,,,
1416443936.78774,pg_catalog,pg_tablespace,2,4,3290,3290,0,0,0,0,0,0,77,3215,164,6436,,,,
1416443936.78774,pg_catalog,pg_statistic,0,0,24681,23570,284,640,237,359,448,124,1624,24347,277,53614,5614,22600,230,19684
1416443936.78774,pg_toast,pg_toast_12703,0,0,0,0,0,0,0,0,0,0,0,0,0,0,,,,
1416443936.78774,information_schema,sql_packages,0,0,,,0,0,0,0,0,0,0,0,,,0,0,0,0
1416443936.78774,information_schema,sql_sizing_profiles,0,0,,,0,0,0,0,0,0,0,0,,,0,0,0,0
1416443936.78774,pg_catalog,pg_aggregate,0,0,2439,2439,0,0,0,0,0,0,155,2284,360,3894,,,,
1416443936.78774,pg_catalog,pg_inherits,0,0,147,0,0,0,0,0,0,0,0,0,77,70,,,,
1416443936.78774,pg_catalog,pg_enum,0,0,0,0,0,0,0,0,0,0,0,0,0,0,,,,
1416443936.78774,pg_toast,pg_toast_2396,0,0,0,0,0,0,0,0,0,0,0,0,0,0,,,,
1416443936.78774,pg_catalog,pg_pltemplate,0,0,0,0,0,0,0,0,0,0,0,0,0,0,,,,
1416443936.78774,pg_toast,pg_toast_2618,0,0,516,1646,0,0,0,0,0,0,339,296,98,736,,,,
1416443936.78774,public,supplier,4,400000,0,0,100000,0,0,0,100000,0,2314,20010,276,3,,,,
1416443936.78774,pg_toast,pg_toast_3596,0,0,0,0,0,0,0,0,0,0,0,0,0,0,,,,
1416443936.78774,information_schema,sql_features,0,0,,,0,0,0,0,0,0,0,0,,,0,0,0,0
1416443936.78774,pg_toast,pg_toast_2606,0,0,0,0,0,0,0,0,0,0,0,0,0,0,,,,
1416443936.78774,pg_toast,pg_toast_12723,0,0,0,0,0,0,0,0,0,0,0,0,0,0,,,,
1416443936.78774,pg_toast,pg_toast_2964,0,0,0,0,0,0,0,0,0,0,0,0,0,0,,,,
1416443936.78774,public,time_statistics,0,0,,,1,0,0,0,1,0,1,0,,,,,,
1416443936.78774,pg_catalog,pg_database,340,1282,15713,15711,1,0,0,0,1,0,29,16023,205,25233,,,,
1416443936.78774,information_schema,sql_sizing,0,0,,,0,0,0,0,0,0,0,0,,,0,0,0,0
1416443936.78774,pg_toast,pg_toast_2620,0,0,0,0,0,0,0,0,0,0,0,0,0,0,,,,
1416443936.78774,pg_catalog,pg_depend,0,0,6406,6836,1194,0,1125,0,7086,1126,889,7615,1578,16636,,,,
1416443936.78774,pg_catalog,pg_language,0,0,0,0,0,0,0,0,0,0,0,0,0,0,,,,
1416443936.78774,pg_catalog,pg_amproc,62,124,22625,66496,0,0,0,0,0,0,409,22076,213,49804,,,,
1416443936.78774,pg_catalog,pg_collation,0,0,0,0,0,0,0,0,0,0,0,0,0,0,,,,
1416443936.78774,pg_toast,pg_toast_12708,0,0,0,0,0,0,0,0,0,0,0,0,0,0,,,,
1416443936.78774,pg_catalog,pg_range,0,0,1095,0,0,0,0,0,0,0,0,0,346,1844,,,,
1416443936.78774,pg_toast,pg_toast_2609,0,0,0,0,0,0,0,0,0,0,0,0,0,0,,,,
1416443936.78774,pg_catalog,pg_opclass,62,62,30328,316260,0,0,0,0,0,0,153,126309,364,36730,,,,
1416443936.78774,pg_catalog,pg_rewrite,0,0,1182,948,78,0,78,0,112,6,533,944,270,1746,339,296,196,1472
1416443936.78774,pg_toast,pg_toast_1255,0,0,0,0,0,0,0,0,0,0,0,0,0,0,,,,
1416443936.78774,pg_catalog,pg_seclabel,0,0,663,0,0,0,0,0,0,0,0,0,71,592,0,0,0,0
1416443936.78774,pg_catalog,pg_ts_parser,0,0,0,0,0,0,0,0,0,0,0,0,0,0,,,,
1416443936.78774,pg_catalog,pg_trigger,0,0,0,0,0,0,0,0,0,0,0,0,0,0,0,0,0,0
1416443936.78774,pg_catalog,pg_shseclabel,0,0,0,0,0,0,0,0,0,0,0,0,0,0,,,,
1416443936.78774,pg_catalog,pg_event_trigger,0,0,301,0,0,0,0,0,0,0,0,0,73,228,,,,
1416443936.78774,pg_catalog,pg_foreign_table,0,0,0,0,0,0,0,0,0,0,0,0,0,0,,,,
1416443936.78774,public,region,2,10,0,0,5,0,0,0,5,0,5,7,1,0,,,,
1416443936.78774,pg_catalog,pg_extension,0,0,0,0,0,0,0,0,0,0,0,0,0,0,,,,
1416443936.78774,public,lineitem,0,0,,,0,0,0,0,0,0,0,0,,,,,,
1416443936.78774,pg_catalog,pg_ts_config,0,0,0,0,0,0,0,0,0,0,0,0,0,0,,,,
1416443936.78774,public,nation,2,50,0,0,25,0,0,0,25,0,5,7,1,0,,,,
1416443936.78774,pg_catalog,pg_shdescription,0,0,0,0,0,0,0,0,0,0,0,0,0,0,0,0,0,0
1416443936.78774,pg_catalog,pg_cast,0,0,154393,36754,0,0,0,0,0,0,165,36589,105,158758,,,,
1416443936.78774,pg_catalog,pg_amop,0,0,38454,67496,0,0,0,0,0,0,279,64508,623,81760,,,,
1416443936.78774,pg_catalog,pg_user_mapping,0,0,0,0,0,0,0,0,0,0,0,0,0,0,,,,
1416443936.78774,pg_catalog,pg_type,0,0,109531,108405,310,0,291,0,360,47,590,109052,983,225360,,,,
1416443936.78774,information_schema,sql_parts,0,0,,,0,0,0,0,0,0,0,0,,,0,0,0,0
1416443936.78774,pg_catalog,pg_largeobject,0,0,0,0,0,0,0,0,0,0,0,0,0,0,,,,
1416443936.78774,pg_catalog,pg_ts_config_map,0,0,0,0,0,0,0,0,0,0,0,0,0,0,,,,
1416443936.78774,pg_catalog,pg_largeobject_metadata,0,0,0,0,0,0,0,0,0,0,0,0,0,0,,,,
1416443936.78774,pg_catalog,pg_am,6787,6787,0,0,0,0,0,0,0,0,49,6738,0,0,,,,
1416443936.78774,pg_toast,pg_toast_12718,0,0,0,0,0,0,0,0,0,0,0,0,0,0,,,,
1416443936.78774,pg_catalog,pg_ts_template,0,0,0,0,0,0,0,0,0,0,0,0,0,0,,,,
1416443936.78774,pg_catalog,pg_foreign_server,0,0,0,0,0,0,0,0,0,0,0,0,0,0,,,,
1416443936.78774,pg_catalog,pg_namespace,250,2226,22446,17795,4,0,0,0,4,0,55,18001,267,27209,,,,
1416443936.78774,public,customer,6,9000000,0,0,1500000,0,0,0,1500000,0,68535,365425,17749,3,,,,
1416443936.78774,pg_toast,pg_toast_2619,0,0,16810,57653,1050,0,842,0,218,16,5614,22600,230,19684,,,,
1416443936.78774,pg_catalog,pg_authid,125,125,9369,9369,0,0,0,0,0,0,48,9446,216,18522,,,,
1416443936.78774,pg_catalog,pg_default_acl,0,0,628,0,0,0,0,0,0,0,0,0,65,563,,,,
1416443936.78774,pg_catalog,pg_shdepend,0,0,826,162,0,0,0,0,0,0,73,89,294,838,,,,
1416443936.78774,pg_catalog,pg_constraint,0,0,55,24,31,0,24,0,9,24,18,157,32,295,0,0,0,0
1416443936.78774,pg_catalog,pg_index,713,69552,49787,71676,143,0,123,0,135,41,530,58326,315,57061,,,,
1416443936.78774,public,partsupp,3,24000000,0,0,8000000,0,0,0,8000000,0,340615,1296477,21936,6,,,,
1416443936.78774,pg_catalog,pg_ts_dict,0,0,0,0,0,0,0,0,0,0,0,0,0,0,,,,
1416443936.78774,pg_toast,pg_toast_2604,0,0,0,0,0,0,0,0,0,0,0,0,0,0,,,,
1416443936.78774,pg_catalog,pg_proc,0,0,40317,59980,0,0,0,0,0,0,3794,39838,1539,87836,0,0,0,0
1416443996.79295,pg_catalog,pg_attrdef,0,0,0,0,0,0,0,0,0,0,0,0,0,0,0,0,0,0
1416443996.79295,pg_catalog,pg_db_role_setting,0,0,19500,0,0,0,0,0,0,0,0,0,45,19455,0,0,0,0
1416443996.79295,pg_toast,pg_toast_12713,0,0,0,0,0,0,0,0,0,0,0,0,0,0,,,,
1416443996.79295,pg_catalog,pg_rowsecurity,0,0,0,0,0,0,0,0,0,0,0,0,0,0,,,,
1416443996.79295,pg_catalog,pg_description,0,0,663,0,0,0,0,0,0,0,0,0,219,1254,0,0,0,0
1416443996.79295,public,orders,4,60000000,0,0,15000000,0,0,0,15000000,0,504559,2065393,41130,24,,,,
1416443996.79295,pg_catalog,pg_foreign_data_wrapper,0,0,0,0,0,0,0,0,0,0,0,0,0,0,,,,
1416443996.79295,pg_catalog,pg_conversion,0,0,0,0,0,0,0,0,0,0,0,0,0,0,,,,
1416443996.79295,public,part,6,12000000,0,0,2000000,0,0,0,2000000,0,79009,408772,42753,3,,,,
1416443996.79295,pg_catalog,pg_class,1452,325107,116637,107347,300,78,270,72,329,66,1024,119818,977,244399,,,,
1416443996.79295,information_schema,sql_implementation_info,0,0,,,0,0,0,0,0,0,0,0,,,0,0,0,0
1416443996.79295,pg_catalog,pg_opfamily,0,0,0,0,0,0,0,0,0,0,0,0,0,0,,,,
1416443996.79295,pg_catalog,pg_auth_members,0,0,0,0,0,0,0,0,0,0,0,0,0,0,,,,
1416443996.79295,pg_catalog,pg_operator,0,0,35291,184054,0,0,0,0,0,0,841,127508,713,76699,,,,
1416443996.79295,information_schema,sql_languages,0,0,,,0,0,0,0,0,0,0,0,,,0,0,0,0
1416443996.79295,pg_toast,pg_toast_12693,0,0,0,0,0,0,0,0,0,0,0,0,0,0,,,,
1416443996.79295,pg_catalog,pg_attribute,341,2325,94263,212041,1166,38,1002,15,2500,350,2697,110159,846,198124,,,,
1416443996.79295,pg_toast,pg_toast_12698,0,0,0,0,0,0,0,0,0,0,0,0,0,0,,,,
1416443996.79295,pg_catalog,pg_tablespace,2,4,3295,3295,0,0,0,0,0,0,77,3220,164,6446,,,,
1416443996.79295,pg_catalog,pg_statistic,0,0,24702,23587,284,640,237,359,448,124,1624,24364,277,53660,5614,22603,230,19690
1416443996.79295,pg_toast,pg_toast_12703,0,0,0,0,0,0,0,0,0,0,0,0,0,0,,,,
1416443996.79295,information_schema,sql_packages,0,0,,,0,0,0,0,0,0,0,0,,,0,0,0,0
1416443996.79295,information_schema,sql_sizing_profiles,0,0,,,0,0,0,0,0,0,0,0,,,0,0,0,0
1416443996.79295,pg_catalog,pg_aggregate,0,0,2440,2440,0,0,0,0,0,0,155,2285,360,3896,,,,
1416443996.79295,pg_catalog,pg_inherits,0,0,147,0,0,0,0,0,0,0,0,0,77,70,,,,
1416443996.79295,pg_catalog,pg_enum,0,0,0,0,0,0,0,0,0,0,0,0,0,0,,,,
1416443996.79295,pg_toast,pg_toast_2396,0,0,0,0,0,0,0,0,0,0,0,0,0,0,,,,
1416443996.79295,pg_catalog,pg_pltemplate,0,0,0,0,0,0,0,0,0,0,0,0,0,0,,,,
1416443996.79295,pg_toast,pg_toast_2618,0,0,520,1660,0,0,0,0,0,0,339,301,98,742,,,,
1416443996.79295,public,supplier,4,400000,0,0,100000,0,0,0,100000,0,2314,20010,276,3,,,,
1416443996.79295,pg_toast,pg_toast_3596,0,0,0,0,0,0,0,0,0,0,0,0,0,0,,,,
1416443996.79295,information_schema,sql_features,0,0,,,0,0,0,0,0,0,0,0,,,0,0,0,0
1416443996.79295,pg_toast,pg_toast_2606,0,0,0,0,0,0,0,0,0,0,0,0,0,0,,,,
1416443996.79295,pg_toast,pg_toast_12723,0,0,0,0,0,0,0,0,0,0,0,0,0,0,,,,
1416443996.79295,pg_toast,pg_toast_2964,0,0,0,0,0,0,0,0,0,0,0,0,0,0,,,,
1416443996.79295,public,time_statistics,0,0,,,1,0,0,0,1,0,1,0,,,,,,
1416443996.79295,pg_catalog,pg_database,343,1294,15739,15737,1,0,0,0,1,0,29,16052,205,25273,,,,
1416443996.79295,information_schema,sql_sizing,0,0,,,0,0,0,0,0,0,0,0,,,0,0,0,0
1416443996.79295,pg_toast,pg_toast_2620,0,0,0,0,0,0,0,0,0,0,0,0,0,0,,,,
1416443996.79295,pg_catalog,pg_depend,0,0,6406,6836,1194,0,1125,0,7086,1126,889,7615,1578,16636,,,,
1416443996.79295,pg_catalog,pg_language,0,0,0,0,0,0,0,0,0,0,0,0,0,0,,,,
1416443996.79295,pg_catalog,pg_amproc,62,124,22638,66516,0,0,0,0,0,0,409,22089,213,49834,,,,
1416443996.79295,pg_catalog,pg_collation,0,0,0,0,0,0,0,0,0,0,0,0,0,0,,,,
1416443996.79295,pg_toast,pg_toast_12708,0,0,0,0,0,0,0,0,0,0,0,0,0,0,,,,
1416443996.79295,pg_catalog,pg_range,0,0,1095,0,0,0,0,0,0,0,0,0,346,1844,,,,
1416443996.79295,pg_toast,pg_toast_2609,0,0,0,0,0,0,0,0,0,0,0,0,0,0,,,,
1416443996.79295,pg_catalog,pg_opclass,62,62,30343,316442,0,0,0,0,0,0,153,126376,364,36752,,,,
1416443996.79295,pg_catalog,pg_rewrite,0,0,1188,954,78,0,78,0,112,6,533,950,270,1756,339,301,196,1484
1416443996.79295,pg_toast,pg_toast_1255,0,0,0,0,0,0,0,0,0,0,0,0,0,0,,,,
1416443996.79295,pg_catalog,pg_seclabel,0,0,663,0,0,0,0,0,0,0,0,0,71,592,0,0,0,0
1416443996.79295,pg_catalog,pg_ts_parser,0,0,0,0,0,0,0,0,0,0,0,0,0,0,,,,
1416443996.79295,pg_catalog,pg_trigger,0,0,0,0,0,0,0,0,0,0,0,0,0,0,0,0,0,0
1416443996.79295,pg_catalog,pg_shseclabel,0,0,0,0,0,0,0,0,0,0,0,0,0,0,,,,
1416443996.79295,pg_catalog,pg_event_trigger,0,0,301,0,0,0,0,0,0,0,0,0,73,228,,,,
1416443996.79295,pg_catalog,pg_foreign_table,0,0,0,0,0,0,0,0,0,0,0,0,0,0,,,,
1416443996.79295,public,region,2,10,0,0,5,0,0,0,5,0,5,7,1,0,,,,
1416443996.79295,pg_catalog,pg_extension,0,0,0,0,0,0,0,0,0,0,0,0,0,0,,,,
1416443996.79295,public,lineitem,0,0,,,0,0,0,0,0,0,0,0,,,,,,
1416443996.79295,pg_catalog,pg_ts_config,0,0,0,0,0,0,0,0,0,0,0,0,0,0,,,,
1416443996.79295,public,nation,2,50,0,0,25,0,0,0,25,0,5,7,1,0,,,,
1416443996.79295,pg_catalog,pg_shdescription,0,0,0,0,0,0,0,0,0,0,0,0,0,0,0,0,0,0
1416443996.79295,pg_catalog,pg_cast,0,0,154455,36777,0,0,0,0,0,0,165,36612,105,158824,,,,
1416443996.79295,pg_catalog,pg_amop,0,0,38481,67538,0,0,0,0,0,0,279,64550,623,81820,,,,
1416443996.79295,pg_catalog,pg_user_mapping,0,0,0,0,0,0,0,0,0,0,0,0,0,0,,,,
1416443996.79295,pg_catalog,pg_type,0,0,109607,108481,310,0,291,0,360,47,590,109128,983,225516,,,,
1416443996.79295,information_schema,sql_parts,0,0,,,0,0,0,0,0,0,0,0,,,0,0,0,0
1416443996.79295,pg_catalog,pg_largeobject,0,0,0,0,0,0,0,0,0,0,0,0,0,0,,,,
1416443996.79295,pg_catalog,pg_ts_config_map,0,0,0,0,0,0,0,0,0,0,0,0,0,0,,,,
1416443996.79295,pg_catalog,pg_largeobject_metadata,0,0,0,0,0,0,0,0,0,0,0,0,0,0,,,,
1416443996.79295,pg_catalog,pg_am,6791,6791,0,0,0,0,0,0,0,0,49,6742,0,0,,,,
1416443996.79295,pg_toast,pg_toast_12718,0,0,0,0,0,0,0,0,0,0,0,0,0,0,,,,
1416443996.79295,pg_catalog,pg_ts_template,0,0,0,0,0,0,0,0,0,0,0,0,0,0,,,,
1416443996.79295,pg_catalog,pg_foreign_server,0,0,0,0,0,0,0,0,0,0,0,0,0,0,,,,
1416443996.79295,pg_catalog,pg_namespace,252,2246,22593,17938,4,0,0,0,4,0,55,18146,267,27362,,,,
1416443996.79295,public,customer,6,9000000,0,0,1500000,0,0,0,1500000,0,68535,365425,17749,3,,,,
1416443996.79295,pg_toast,pg_toast_2619,0,0,16813,57659,1050,0,842,0,218,16,5614,22603,230,19690,,,,
1416443996.79295,pg_catalog,pg_authid,126,126,9379,9379,0,0,0,0,0,0,48,9457,216,18542,,,,
1416443996.79295,pg_catalog,pg_default_acl,0,0,628,0,0,0,0,0,0,0,0,0,65,563,,,,
1416443996.79295,pg_catalog,pg_shdepend,0,0,826,162,0,0,0,0,0,0,73,89,294,838,,,,
1416443996.79295,pg_catalog,pg_constraint,0,0,55,24,31,0,24,0,9,24,18,157,32,295,0,0,0,0
1416443996.79295,pg_catalog,pg_index,718,70227,49824,71724,143,0,123,0,135,41,530,58393,315,57106,,,,
1416443996.79295,public,partsupp,3,24000000,0,0,8000000,0,0,0,8000000,0,340615,1296477,21936,6,,,,
1416443996.79295,pg_catalog,pg_ts_dict,0,0,0,0,0,0,0,0,0,0,0,0,0,0,,,,
1416443996.79295,pg_toast,pg_toast_2604,0,0,0,0,0,0,0,0,0,0,0,0,0,0,,,,
1416443996.79295,pg_catalog,pg_proc,0,0,40389,60080,0,0,0,0,0,0,3794,39922,1539,87988,0,0,0,0
1416444056.79563,pg_catalog,pg_attrdef,0,0,0,0,0,0,0,0,0,0,0,0,0,0,0,0,0,0
1416444056.79563,pg_catalog,pg_db_role_setting,0,0,19528,0,0,0,0,0,0,0,0,0,45,19483,0,0,0,0
1416444056.79563,pg_toast,pg_toast_12713,0,0,0,0,0,0,0,0,0,0,0,0,0,0,,,,
1416444056.79563,pg_catalog,pg_rowsecurity,0,0,0,0,0,0,0,0,0,0,0,0,0,0,,,,
1416444056.79563,pg_catalog,pg_description,0,0,663,0,0,0,0,0,0,0,0,0,219,1254,0,0,0,0
1416444056.79563,public,orders,4,60000000,0,0,15000000,0,0,0,15000000,0,504559,2065393,41130,24,,,,
1416444056.79563,pg_catalog,pg_foreign_data_wrapper,0,0,0,0,0,0,0,0,0,0,0,0,0,0,,,,
1416444056.79563,pg_catalog,pg_conversion,0,0,0,0,0,0,0,0,0,0,0,0,0,0,,,,
1416444056.79563,public,part,6,12000000,0,0,2000000,0,0,0,2000000,0,79009,408772,42753,3,,,,
1416444056.79563,pg_catalog,pg_class,1463,328414,116992,107702,300,78,270,72,329,66,1024,120284,977,245130,,,,
1416444056.79563,information_schema,sql_implementation_info,0,0,,,0,0,0,0,0,0,0,0,,,0,0,0,0
1416444056.79563,pg_catalog,pg_opfamily,0,0,0,0,0,0,0,0,0,0,0,0,0,0,,,,
1416444056.79563,pg_catalog,pg_auth_members,0,0,0,0,0,0,0,0,0,0,0,0,0,0,,,,
1416444056.79563,pg_catalog,pg_operator,0,0,35311,184074,0,0,0,0,0,0,841,127528,713,76750,,,,
1416444056.79563,information_schema,sql_languages,0,0,,,0,0,0,0,0,0,0,0,,,0,0,0,0
1416444056.79563,pg_toast,pg_toast_12693,0,0,0,0,0,0,0,0,0,0,0,0,0,0,,,,
1416444056.79563,pg_catalog,pg_attribute,341,2325,94502,212456,1166,38,1002,15,2500,350,2697,110407,846,198614,,,,
1416444056.79563,pg_toast,pg_toast_12698,0,0,0,0,0,0,0,0,0,0,0,0,0,0,,,,
1416444056.79563,pg_catalog,pg_tablespace,2,4,3300,3300,0,0,0,0,0,0,77,3225,164,6456,,,,
1416444056.79563,pg_catalog,pg_statistic,0,0,24734,23611,284,640,237,359,448,124,1624,24388,277,53731,5614,22607,230,19698
1416444056.79563,pg_toast,pg_toast_12703,0,0,0,0,0,0,0,0,0,0,0,0,0,0,,,,
1416444056.79563,information_schema,sql_packages,0,0,,,0,0,0,0,0,0,0,0,,,0,0,0,0
1416444056.79563,information_schema,sql_sizing_profiles,0,0,,,0,0,0,0,0,0,0,0,,,0,0,0,0
1416444056.79563,pg_catalog,pg_aggregate,0,0,2441,2441,0,0,0,0,0,0,155,2286,360,3898,,,,
1416444056.79563,pg_catalog,pg_inherits,0,0,147,0,0,0,0,0,0,0,0,0,77,70,,,,
1416444056.79563,pg_catalog,pg_enum,0,0,0,0,0,0,0,0,0,0,0,0,0,0,,,,
1416444056.79563,pg_toast,pg_toast_2396,0,0,0,0,0,0,0,0,0,0,0,0,0,0,,,,
1416444056.79563,pg_catalog,pg_pltemplate,0,0,0,0,0,0,0,0,0,0,0,0,0,0,,,,
1416444056.79563,pg_toast,pg_toast_2618,0,0,526,1678,0,0,0,0,0,0,339,308,98,752,,,,
1416444056.79563,public,supplier,4,400000,0,0,100000,0,0,0,100000,0,2314,20010,276,3,,,,
1416444056.79563,pg_toast,pg_toast_3596,0,0,0,0,0,0,0,0,0,0,0,0,0,0,,,,
1416444056.79563,information_schema,sql_features,0,0,,,0,0,0,0,0,0,0,0,,,0,0,0,0
1416444056.79563,pg_toast,pg_toast_2606,0,0,0,0,0,0,0,0,0,0,0,0,0,0,,,,
1416444056.79563,pg_toast,pg_toast_12723,0,0,0,0,0,0,0,0,0,0,0,0,0,0,,,,
1416444056.79563,pg_toast,pg_toast_2964,0,0,0,0,0,0,0,0,0,0,0,0,0,0,,,,
1416444056.79563,public,time_statistics,0,0,,,1,0,0,0,1,0,1,0,,,,,,
1416444056.79563,pg_catalog,pg_database,346,1306,15767,15765,1,0,0,0,1,0,29,16083,205,25315,,,,
1416444056.79563,information_schema,sql_sizing,0,0,,,0,0,0,0,0,0,0,0,,,0,0,0,0
1416444056.79563,pg_toast,pg_toast_2620,0,0,0,0,0,0,0,0,0,0,0,0,0,0,,,,
1416444056.79563,pg_catalog,pg_depend,0,0,6406,6836,1194,0,1125,0,7086,1126,889,7615,1578,16636,,,,
1416444056.79563,pg_catalog,pg_language,0,0,0,0,0,0,0,0,0,0,0,0,0,0,,,,
1416444056.79563,pg_catalog,pg_amproc,62,124,22663,66555,0,0,0,0,0,0,409,22114,213,49892,,,,
1416444056.79563,pg_catalog,pg_collation,0,0,0,0,0,0,0,0,0,0,0,0,0,0,,,,
1416444056.79563,pg_toast,pg_toast_12708,0,0,0,0,0,0,0,0,0,0,0,0,0,0,,,,
1416444056.79563,pg_catalog,pg_range,0,0,1095,0,0,0,0,0,0,0,0,0,346,1844,,,,
1416444056.79563,pg_toast,pg_toast_2609,0,0,0,0,0,0,0,0,0,0,0,0,0,0,,,,
1416444056.79563,pg_catalog,pg_opclass,62,62,30369,316716,0,0,0,0,0,0,153,126482,364,36790,,,,
1416444056.79563,pg_catalog,pg_rewrite,0,0,1197,963,78,0,78,0,112,6,533,959,270,1772,339,308,196,1504
1416444056.79563,pg_toast,pg_toast_1255,0,0,0,0,0,0,0,0,0,0,0,0,0,0,,,,
1416444056.79563,pg_catalog,pg_seclabel,0,0,663,0,0,0,0,0,0,0,0,0,71,592,0,0,0,0
1416444056.79563,pg_catalog,pg_ts_parser,0,0,0,0,0,0,0,0,0,0,0,0,0,0,,,,
1416444056.79563,pg_catalog,pg_trigger,0,0,0,0,0,0,0,0,0,0,0,0,0,0,0,0,0,0
1416444056.79563,pg_catalog,pg_shseclabel,0,0,0,0,0,0,0,0,0,0,0,0,0,0,,,,
1416444056.79563,pg_catalog,pg_event_trigger,0,0,301,0,0,0,0,0,0,0,0,0,73,228,,,,
1416444056.79563,pg_catalog,pg_foreign_table,0,0,0,0,0,0,0,0,0,0,0,0,0,0,,,,
1416444056.79563,public,region,2,10,0,0,5,0,0,0,5,0,5,7,1,0,,,,
1416444056.79563,pg_catalog,pg_extension,0,0,0,0,0,0,0,0,0,0,0,0,0,0,,,,
1416444056.79563,public,lineitem,0,0,,,0,0,0,0,0,0,0,0,,,,,,
1416444056.79563,pg_catalog,pg_ts_config,0,0,0,0,0,0,0,0,0,0,0,0,0,0,,,,
1416444056.79563,public,nation,2,50,0,0,25,0,0,0,25,0,5,7,1,0,,,,
1416444056.79563,pg_catalog,pg_shdescription,0,0,0,0,0,0,0,0,0,0,0,0,0,0,0,0,0,0
1416444056.79563,pg_catalog,pg_cast,0,0,154560,36816,0,0,0,0,0,0,165,36651,105,158936,,,,
1416444056.79563,pg_catalog,pg_amop,0,0,38530,67615,0,0,0,0,0,0,279,64627,623,81930,,,,
1416444056.79563,pg_catalog,pg_user_mapping,0,0,0,0,0,0,0,0,0,0,0,0,0,0,,,,
1416444056.79563,pg_catalog,pg_type,0,0,109735,108609,310,0,291,0,360,47,590,109256,983,225779,,,,
1416444056.79563,information_schema,sql_parts,0,0,,,0,0,0,0,0,0,0,0,,,0,0,0,0
1416444056.79563,pg_catalog,pg_largeobject,0,0,0,0,0,0,0,0,0,0,0,0,0,0,,,,
1416444056.79563,pg_catalog,pg_ts_config_map,0,0,0,0,0,0,0,0,0,0,0,0,0,0,,,,
1416444056.79563,pg_catalog,pg_largeobject_metadata,0,0,0,0,0,0,0,0,0,0,0,0,0,0,,,,
1416444056.79563,pg_catalog,pg_am,6799,6799,0,0,0,0,0,0,0,0,49,6750,0,0,,,,
1416444056.79563,pg_toast,pg_toast_12718,0,0,0,0,0,0,0,0,0,0,0,0,0,0,,,,
1416444056.79563,pg_catalog,pg_ts_template,0,0,0,0,0,0,0,0,0,0,0,0,0,0,,,,
1416444056.79563,pg_catalog,pg_foreign_server,0,0,0,0,0,0,0,0,0,0,0,0,0,0,,,,
1416444056.79563,pg_catalog,pg_namespace,254,2266,22749,18087,4,0,0,0,4,0,55,18297,267,27527,,,,
1416444056.79563,public,customer,6,9000000,0,0,1500000,0,0,0,1500000,0,68535,365425,17749,3,,,,
1416444056.79563,pg_toast,pg_toast_2619,0,0,16817,57667,1050,0,842,0,218,16,5614,22607,230,19698,,,,
1416444056.79563,pg_catalog,pg_authid,127,127,9389,9389,0,0,0,0,0,0,48,9468,216,18562,,,,
1416444056.79563,pg_catalog,pg_default_acl,0,0,628,0,0,0,0,0,0,0,0,0,65,563,,,,
1416444056.79563,pg_catalog,pg_shdepend,0,0,826,162,0,0,0,0,0,0,73,89,294,838,,,,
1416444056.79563,pg_catalog,pg_constraint,0,0,55,24,31,0,24,0,9,24,18,157,32,295,0,0,0,0
1416444056.79563,pg_catalog,pg_index,723,70902,49880,71797,143,0,123,0,135,41,530,58479,315,57177,,,,
1416444056.79563,public,partsupp,3,24000000,0,0,8000000,0,0,0,8000000,0,340615,1296477,21936,6,,,,
1416444056.79563,pg_catalog,pg_ts_dict,0,0,0,0,0,0,0,0,0,0,0,0,0,0,,,,
1416444056.79563,pg_toast,pg_toast_2604,0,0,0,0,0,0,0,0,0,0,0,0,0,0,,,,
1416444056.79563,pg_catalog,pg_proc,0,0,40479,60219,0,0,0,0,0,0,3794,40033,1539,88182,0,0,0,0
1416444116.79528,pg_catalog,pg_attrdef,0,0,0,0,0,0,0,0,0,0,0,0,0,0,0,0,0,0
1416444116.79528,pg_catalog,pg_db_role_setting,0,0,19556,0,0,0,0,0,0,0,0,0,45,19511,0,0,0,0
1416444116.79528,pg_toast,pg_toast_12713,0,0,0,0,0,0,0,0,0,0,0,0,0,0,,,,
1416444116.79528,pg_catalog,pg_rowsecurity,0,0,0,0,0,0,0,0,0,0,0,0,0,0,,,,
1416444116.79528,pg_catalog,pg_description,0,0,663,0,0,0,0,0,0,0,0,0,219,1254,0,0,0,0
1416444116.79528,public,orders,4,60000000,0,0,15000000,0,0,0,15000000,0,504559,2065393,41130,24,,,,
1416444116.79528,pg_catalog,pg_foreign_data_wrapper,0,0,0,0,0,0,0,0,0,0,0,0,0,0,,,,
1416444116.79528,pg_catalog,pg_conversion,0,0,0,0,0,0,0,0,0,0,0,0,0,0,,,,
1416444116.79528,public,part,6,12000000,0,0,2000000,0,0,0,2000000,0,79009,408772,42753,3,,,,
1416444116.79528,pg_catalog,pg_class,1472,331063,117317,108027,300,78,270,72,329,66,1024,120700,977,245794,,,,
1416444116.79528,information_schema,sql_implementation_info,0,0,,,0,0,0,0,0,0,0,0,,,0,0,0,0
1416444116.79528,pg_catalog,pg_opfamily,0,0,0,0,0,0,0,0,0,0,0,0,0,0,,,,
1416444116.79528,pg_catalog,pg_auth_members,0,0,0,0,0,0,0,0,0,0,0,0,0,0,,,,
1416444116.79528,pg_catalog,pg_operator,0,0,35326,184089,0,0,0,0,0,0,841,127543,713,76786,,,,
1416444116.79528,information_schema,sql_languages,0,0,,,0,0,0,0,0,0,0,0,,,0,0,0,0
1416444116.79528,pg_toast,pg_toast_12693,0,0,0,0,0,0,0,0,0,0,0,0,0,0,,,,
1416444116.79528,pg_catalog,pg_attribute,341,2325,94697,212765,1166,38,1002,15,2500,350,2697,110609,846,199012,,,,
1416444116.79528,pg_toast,pg_toast_12698,0,0,0,0,0,0,0,0,0,0,0,0,0,0,,,,
1416444116.79528,pg_catalog,pg_tablespace,2,4,3305,3305,0,0,0,0,0,0,77,3230,164,6466,,,,
1416444116.79528,pg_catalog,pg_statistic,0,0,24756,23627,284,640,237,359,448,124,1624,24404,277,53779,5614,22609,230,19702
1416444116.79528,pg_toast,pg_toast_12703,0,0,0,0,0,0,0,0,0,0,0,0,0,0,,,,
1416444116.79528,information_schema,sql_packages,0,0,,,0,0,0,0,0,0,0,0,,,0,0,0,0
1416444116.79528,information_schema,sql_sizing_profiles,0,0,,,0,0,0,0,0,0,0,0,,,0,0,0,0
1416444116.79528,pg_catalog,pg_aggregate,0,0,2442,2442,0,0,0,0,0,0,155,2287,360,3900,,,,
1416444116.79528,pg_catalog,pg_inherits,0,0,147,0,0,0,0,0,0,0,0,0,77,70,,,,
1416444116.79528,pg_catalog,pg_enum,0,0,0,0,0,0,0,0,0,0,0,0,0,0,,,,
1416444116.79528,pg_toast,pg_toast_2396,0,0,0,0,0,0,0,0,0,0,0,0,0,0,,,,
1416444116.79528,pg_catalog,pg_pltemplate,0,0,0,0,0,0,0,0,0,0,0,0,0,0,,,,
1416444116.79528,pg_toast,pg_toast_2618,0,0,531,1694,0,0,0,0,0,0,339,314,98,760,,,,
1416444116.79528,public,supplier,4,400000,0,0,100000,0,0,0,100000,0,2314,20010,276,3,,,,
1416444116.79528,pg_toast,pg_toast_3596,0,0,0,0,0,0,0,0,0,0,0,0,0,0,,,,
1416444116.79528,information_schema,sql_features,0,0,,,0,0,0,0,0,0,0,0,,,0,0,0,0
1416444116.79528,pg_toast,pg_toast_2606,0,0,0,0,0,0,0,0,0,0,0,0,0,0,,,,
1416444116.79528,pg_toast,pg_toast_12723,0,0,0,0,0,0,0,0,0,0,0,0,0,0,,,,
1416444116.79528,pg_toast,pg_toast_2964,0,0,0,0,0,0,0,0,0,0,0,0,0,0,,,,
1416444116.79528,public,time_statistics,0,0,,,1,0,0,0,1,0,1,0,,,,,,
1416444116.79528,pg_catalog,pg_database,349,1318,15795,15793,1,0,0,0,1,0,29,16114,205,25357,,,,
1416444116.79528,information_schema,sql_sizing,0,0,,,0,0,0,0,0,0,0,0,,,0,0,0,0
1416444116.79528,pg_toast,pg_toast_2620,0,0,0,0,0,0,0,0,0,0,0,0,0,0,,,,
1416444116.79528,pg_catalog,pg_depend,0,0,6406,6836,1194,0,1125,0,7086,1126,889,7615,1578,16636,,,,
1416444116.79528,pg_catalog,pg_language,0,0,0,0,0,0,0,0,0,0,0,0,0,0,,,,
1416444116.79528,pg_catalog,pg_amproc,62,124,22676,66577,0,0,0,0,0,0,409,22127,213,49924,,,,
1416444116.79528,pg_catalog,pg_collation,0,0,0,0,0,0,0,0,0,0,0,0,0,0,,,,
1416444116.79528,pg_toast,pg_toast_12708,0,0,0,0,0,0,0,0,0,0,0,0,0,0,,,,
1416444116.79528,pg_catalog,pg_range,0,0,1095,0,0,0,0,0,0,0,0,0,346,1844,,,,
1416444116.79528,pg_toast,pg_toast_2609,0,0,0,0,0,0,0,0,0,0,0,0,0,0,,,,
1416444116.79528,pg_catalog,pg_opclass,62,62,30382,316815,0,0,0,0,0,0,153,126519,364,36811,,,,
1416444116.79528,pg_catalog,pg_rewrite,0,0,1203,969,78,0,78,0,112,6,533,965,270,1782,339,314,196,1520
1416444116.79528,pg_toast,pg_toast_1255,0,0,0,0,0,0,0,0,0,0,0,0,0,0,,,,
1416444116.79528,pg_catalog,pg_seclabel,0,0,663,0,0,0,0,0,0,0,0,0,71,592,0,0,0,0
1416444116.79528,pg_catalog,pg_ts_parser,0,0,0,0,0,0,0,0,0,0,0,0,0,0,,,,
1416444116.79528,pg_catalog,pg_trigger,0,0,0,0,0,0,0,0,0,0,0,0,0,0,0,0,0,0
1416444116.79528,pg_catalog,pg_shseclabel,0,0,0,0,0,0,0,0,0,0,0,0,0,0,,,,
1416444116.79528,pg_catalog,pg_event_trigger,0,0,301,0,0,0,0,0,0,0,0,0,73,228,,,,
1416444116.79528,pg_catalog,pg_foreign_table,0,0,0,0,0,0,0,0,0,0,0,0,0,0,,,,
1416444116.79528,public,region,2,10,0,0,5,0,0,0,5,0,5,7,1,0,,,,
1416444116.79528,pg_catalog,pg_extension,0,0,0,0,0,0,0,0,0,0,0,0,0,0,,,,
1416444116.79528,public,lineitem,0,0,,,0,0,0,0,0,0,0,0,,,,,,
1416444116.79528,pg_catalog,pg_ts_config,0,0,0,0,0,0,0,0,0,0,0,0,0,0,,,,
1416444116.79528,public,nation,2,50,0,0,25,0,0,0,25,0,5,7,1,0,,,,
1416444116.79528,pg_catalog,pg_shdescription,0,0,0,0,0,0,0,0,0,0,0,0,0,0,0,0,0,0
1416444116.79528,pg_catalog,pg_cast,0,0,154600,36838,0,0,0,0,0,0,165,36673,105,158980,,,,
1416444116.79528,pg_catalog,pg_amop,0,0,38553,67652,0,0,0,0,0,0,279,64664,623,81982,,,,
1416444116.79528,pg_catalog,pg_user_mapping,0,0,0,0,0,0,0,0,0,0,0,0,0,0,,,,
1416444116.79528,pg_catalog,pg_type,0,0,109807,108681,310,0,291,0,360,47,590,109328,983,225927,,,,
1416444116.79528,information_schema,sql_parts,0,0,,,0,0,0,0,0,0,0,0,,,0,0,0,0
1416444116.79528,pg_catalog,pg_largeobject,0,0,0,0,0,0,0,0,0,0,0,0,0,0,,,,
1416444116.79528,pg_catalog,pg_ts_config_map,0,0,0,0,0,0,0,0,0,0,0,0,0,0,,,,
1416444116.79528,pg_catalog,pg_largeobject_metadata,0,0,0,0,0,0,0,0,0,0,0,0,0,0,,,,
1416444116.79528,pg_catalog,pg_am,6805,6805,0,0,0,0,0,0,0,0,49,6756,0,0,,,,
1416444116.79528,pg_toast,pg_toast_12718,0,0,0,0,0,0,0,0,0,0,0,0,0,0,,,,
1416444116.79528,pg_catalog,pg_ts_template,0,0,0,0,0,0,0,0,0,0,0,0,0,0,,,,
1416444116.79528,pg_catalog,pg_foreign_server,0,0,0,0,0,0,0,0,0,0,0,0,0,0,,,,
1416444116.79528,pg_catalog,pg_namespace,256,2286,22896,18230,4,0,0,0,4,0,55,18442,267,27680,,,,
1416444116.79528,public,customer,6,9000000,0,0,1500000,0,0,0,1500000,0,68535,365425,17749,3,,,,
1416444116.79528,pg_toast,pg_toast_2619,0,0,16819,57671,1050,0,842,0,218,16,5614,22609,230,19702,,,,
1416444116.79528,pg_catalog,pg_authid,128,128,9399,9399,0,0,0,0,0,0,48,9479,216,18582,,,,
1416444116.79528,pg_catalog,pg_default_acl,0,0,628,0,0,0,0,0,0,0,0,0,65,563,,,,
1416444116.79528,pg_catalog,pg_shdepend,0,0,826,162,0,0,0,0,0,0,73,89,294,838,,,,
1416444116.79528,pg_catalog,pg_constraint,0,0,55,24,31,0,24,0,9,24,18,157,32,295,0,0,0,0
1416444116.79528,pg_catalog,pg_index,728,71577,49919,71847,143,0,123,0,135,41,530,58548,315,57226,,,,
1416444116.79528,public,partsupp,3,24000000,0,0,8000000,0,0,0,8000000,0,340615,1296477,21936,6,,,,
1416444116.79528,pg_catalog,pg_ts_dict,0,0,0,0,0,0,0,0,0,0,0,0,0,0,,,,
1416444116.79528,pg_toast,pg_toast_2604,0,0,0,0,0,0,0,0,0,0,0,0,0,0,,,,
1416444116.79528,pg_catalog,pg_proc,0,0,40551,60319,0,0,0,0,0,0,3794,40117,1539,88334,0,0,0,0
1416444176.7989,pg_catalog,pg_attrdef,0,0,0,0,0,0,0,0,0,0,0,0,0,0,0,0,0,0
1416444176.7989,pg_catalog,pg_db_role_setting,0,0,19592,0,0,0,0,0,0,0,0,0,45,19547,0,0,0,0
1416444176.7989,pg_toast,pg_toast_12713,0,0,0,0,0,0,0,0,0,0,0,0,0,0,,,,
1416444176.7989,pg_catalog,pg_rowsecurity,0,0,0,0,0,0,0,0,0,0,0,0,0,0,,,,
1416444176.7989,pg_catalog,pg_description,0,0,663,0,0,0,0,0,0,0,0,0,219,1254,0,0,0,0
1416444176.7989,public,orders,4,60000000,0,0,15000000,0,0,0,15000000,0,504559,2065393,41130,24,,,,
1416444176.7989,pg_catalog,pg_foreign_data_wrapper,0,0,0,0,0,0,0,0,0,0,0,0,0,0,,,,
1416444176.7989,pg_catalog,pg_conversion,0,0,0,0,0,0,0,0,0,0,0,0,0,0,,,,
1416444176.7989,public,part,6,12000000,0,0,2000000,0,0,0,2000000,0,79009,408772,42753,3,,,,
1416444176.7989,pg_catalog,pg_class,1482,334041,117652,108361,300,78,270,72,329,66,1024,121135,977,246482,,,,
1416444176.7989,information_schema,sql_implementation_info,0,0,,,0,0,0,0,0,0,0,0,,,0,0,0,0
1416444176.7989,pg_catalog,pg_opfamily,0,0,0,0,0,0,0,0,0,0,0,0,0,0,,,,
1416444176.7989,pg_catalog,pg_auth_members,0,0,0,0,0,0,0,0,0,0,0,0,0,0,,,,
1416444176.7989,pg_catalog,pg_operator,0,0,35342,184105,0,0,0,0,0,0,841,127559,713,76825,,,,
1416444176.7989,information_schema,sql_languages,0,0,,,0,0,0,0,0,0,0,0,,,0,0,0,0
1416444176.7989,pg_toast,pg_toast_12693,0,0,0,0,0,0,0,0,0,0,0,0,0,0,,,,
1416444176.7989,pg_catalog,pg_attribute,341,2325,94890,213091,1166,38,1002,15,2500,350,2697,110811,846,199407,,,,
1416444176.7989,pg_toast,pg_toast_12698,0,0,0,0,0,0,0,0,0,0,0,0,0,0,,,,
1416444176.7989,pg_catalog,pg_tablespace,2,4,3310,3310,0,0,0,0,0,0,77,3235,164,6476,,,,
1416444176.7989,pg_catalog,pg_statistic,0,0,24777,23644,284,640,237,359,448,124,1624,24421,277,53825,5614,22612,230,19708
1416444176.7989,pg_toast,pg_toast_12703,0,0,0,0,0,0,0,0,0,0,0,0,0,0,,,,
1416444176.7989,information_schema,sql_packages,0,0,,,0,0,0,0,0,0,0,0,,,0,0,0,0
1416444176.7989,information_schema,sql_sizing_profiles,0,0,,,0,0,0,0,0,0,0,0,,,0,0,0,0
1416444176.7989,pg_catalog,pg_aggregate,0,0,2443,2443,0,0,0,0,0,0,155,2288,360,3902,,,,
1416444176.7989,pg_catalog,pg_inherits,0,0,147,0,0,0,0,0,0,0,0,0,77,70,,,,
1416444176.7989,pg_catalog,pg_enum,0,0,0,0,0,0,0,0,0,0,0,0,0,0,,,,
1416444176.7989,pg_toast,pg_toast_2396,0,0,0,0,0,0,0,0,0,0,0,0,0,0,,,,
1416444176.7989,pg_catalog,pg_pltemplate,0,0,0,0,0,0,0,0,0,0,0,0,0,0,,,,
1416444176.7989,pg_toast,pg_toast_2618,0,0,535,1708,0,0,0,0,0,0,339,319,98,766,,,,
1416444176.7989,public,supplier,4,400000,0,0,100000,0,0,0,100000,0,2314,20010,276,3,,,,
1416444176.7989,pg_toast,pg_toast_3596,0,0,0,0,0,0,0,0,0,0,0,0,0,0,,,,
1416444176.7989,information_schema,sql_features,0,0,,,0,0,0,0,0,0,0,0,,,0,0,0,0
1416444176.7989,pg_toast,pg_toast_2606,0,0,0,0,0,0,0,0,0,0,0,0,0,0,,,,
1416444176.7989,pg_toast,pg_toast_12723,0,0,0,0,0,0,0,0,0,0,0,0,0,0,,,,
1416444176.7989,pg_toast,pg_toast_2964,0,0,0,0,0,0,0,0,0,0,0,0,0,0,,,,
1416444176.7989,public,time_statistics,0,0,,,1,0,0,0,1,0,1,0,,,,,,
1416444176.7989,pg_catalog,pg_database,352,1330,15827,15825,1,0,0,0,1,0,29,16149,205,25407,,,,
1416444176.7989,information_schema,sql_sizing,0,0,,,0,0,0,0,0,0,0,0,,,0,0,0,0
1416444176.7989,pg_toast,pg_toast_2620,0,0,0,0,0,0,0,0,0,0,0,0,0,0,,,,
1416444176.7989,pg_catalog,pg_depend,0,0,6406,6836,1194,0,1125,0,7086,1126,889,7615,1578,16636,,,,
1416444176.7989,pg_catalog,pg_language,0,0,0,0,0,0,0,0,0,0,0,0,0,0,,,,
1416444176.7989,pg_catalog,pg_amproc,62,124,22693,66605,0,0,0,0,0,0,409,22144,213,49966,,,,
1416444176.7989,pg_catalog,pg_collation,0,0,0,0,0,0,0,0,0,0,0,0,0,0,,,,
1416444176.7989,pg_toast,pg_toast_12708,0,0,0,0,0,0,0,0,0,0,0,0,0,0,,,,
1416444176.7989,pg_catalog,pg_range,0,0,1095,0,0,0,0,0,0,0,0,0,346,1844,,,,
1416444176.7989,pg_toast,pg_toast_2609,0,0,0,0,0,0,0,0,0,0,0,0,0,0,,,,
1416444176.7989,pg_catalog,pg_opclass,62,62,30401,317001,0,0,0,0,0,0,153,126590,364,36841,,,,
1416444176.7989,pg_catalog,pg_rewrite,0,0,1209,975,78,0,78,0,112,6,533,971,270,1792,339,319,196,1532
1416444176.7989,pg_toast,pg_toast_1255,0,0,0,0,0,0,0,0,0,0,0,0,0,0,,,,
1416444176.7989,pg_catalog,pg_seclabel,0,0,663,0,0,0,0,0,0,0,0,0,71,592,0,0,0,0
1416444176.7989,pg_catalog,pg_ts_parser,0,0,0,0,0,0,0,0,0,0,0,0,0,0,,,,
1416444176.7989,pg_catalog,pg_trigger,0,0,0,0,0,0,0,0,0,0,0,0,0,0,0,0,0,0
1416444176.7989,pg_catalog,pg_shseclabel,0,0,0,0,0,0,0,0,0,0,0,0,0,0,,,,
1416444176.7989,pg_catalog,pg_event_trigger,0,0,301,0,0,0,0,0,0,0,0,0,73,228,,,,
1416444176.7989,pg_catalog,pg_foreign_table,0,0,0,0,0,0,0,0,0,0,0,0,0,0,,,,
1416444176.7989,public,region,2,10,0,0,5,0,0,0,5,0,5,7,1,0,,,,
1416444176.7989,pg_catalog,pg_extension,0,0,0,0,0,0,0,0,0,0,0,0,0,0,,,,
1416444176.7989,public,lineitem,0,0,,,59986052,0,0,0,59986052,0,1065680,2307885,,,,,,
1416444176.7989,pg_catalog,pg_ts_config,0,0,0,0,0,0,0,0,0,0,0,0,0,0,,,,
1416444176.7989,public,nation,2,50,0,0,25,0,0,0,25,0,5,7,1,0,,,,
1416444176.7989,pg_catalog,pg_shdescription,0,0,0,0,0,0,0,0,0,0,0,0,0,0,0,0,0,0
1416444176.7989,pg_catalog,pg_cast,0,0,154662,36861,0,0,0,0,0,0,165,36696,105,159046,,,,
1416444176.7989,pg_catalog,pg_amop,0,0,38580,67694,0,0,0,0,0,0,279,64706,623,82042,,,,
1416444176.7989,pg_catalog,pg_user_mapping,0,0,0,0,0,0,0,0,0,0,0,0,0,0,,,,
1416444176.7989,pg_catalog,pg_type,0,0,109888,108762,310,0,291,0,360,47,590,109409,983,226094,,,,
1416444176.7989,information_schema,sql_parts,0,0,,,0,0,0,0,0,0,0,0,,,0,0,0,0
1416444176.7989,pg_catalog,pg_largeobject,0,0,0,0,0,0,0,0,0,0,0,0,0,0,,,,
1416444176.7989,pg_catalog,pg_ts_config_map,0,0,0,0,0,0,0,0,0,0,0,0,0,0,,,,
1416444176.7989,pg_catalog,pg_largeobject_metadata,0,0,0,0,0,0,0,0,0,0,0,0,0,0,,,,
1416444176.7989,pg_catalog,pg_am,6813,6813,0,0,0,0,0,0,0,0,49,6764,0,0,,,,
1416444176.7989,pg_toast,pg_toast_12718,0,0,0,0,0,0,0,0,0,0,0,0,0,0,,,,
1416444176.7989,pg_catalog,pg_ts_template,0,0,0,0,0,0,0,0,0,0,0,0,0,0,,,,
1416444176.7989,pg_catalog,pg_foreign_server,0,0,0,0,0,0,0,0,0,0,0,0,0,0,,,,
1416444176.7989,pg_catalog,pg_namespace,258,2306,23046,18375,4,0,0,0,4,0,55,18589,267,27838,,,,
1416444176.7989,public,customer,6,9000000,0,0,1500000,0,0,0,1500000,0,68535,365425,17749,3,,,,
1416444176.7989,pg_toast,pg_toast_2619,0,0,16822,57677,1050,0,842,0,218,16,5614,22612,230,19708,,,,
1416444176.7989,pg_catalog,pg_authid,129,129,9413,9413,0,0,0,0,0,0,48,9494,216,18610,,,,
1416444176.7989,pg_catalog,pg_default_acl,0,0,628,0,0,0,0,0,0,0,0,0,65,563,,,,
1416444176.7989,pg_catalog,pg_shdepend,0,0,826,162,0,0,0,0,0,0,73,89,294,838,,,,
1416444176.7989,pg_catalog,pg_constraint,0,0,55,24,31,0,24,0,9,24,18,157,32,295,0,0,0,0
1416444176.7989,pg_catalog,pg_index,733,72252,49960,71899,143,0,123,0,135,41,530,58619,315,57279,,,,
1416444176.7989,public,partsupp,3,24000000,0,0,8000000,0,0,0,8000000,0,340615,1296477,21936,6,,,,
1416444176.7989,pg_catalog,pg_ts_dict,0,0,0,0,0,0,0,0,0,0,0,0,0,0,,,,
1416444176.7989,pg_toast,pg_toast_2604,0,0,0,0,0,0,0,0,0,0,0,0,0,0,,,,
1416444176.7989,pg_catalog,pg_proc,0,0,40623,60419,0,0,0,0,0,0,3794,40201,1539,88486,0,0,0,0
1416444236.80083,pg_catalog,pg_attrdef,0,0,0,0,0,0,0,0,0,0,0,0,0,0,0,0,0,0
1416444236.80083,pg_catalog,pg_db_role_setting,0,0,19644,0,0,0,0,0,0,0,0,0,45,19599,0,0,0,0
1416444236.80083,pg_toast,pg_toast_12713,0,0,0,0,0,0,0,0,0,0,0,0,0,0,,,,
1416444236.80083,pg_catalog,pg_rowsecurity,0,0,0,0,0,0,0,0,0,0,0,0,0,0,,,,
1416444236.80083,pg_catalog,pg_description,0,0,663,0,0,0,0,0,0,0,0,0,219,1254,0,0,0,0
1416444236.80083,public,orders,4,60000000,0,0,15000000,0,0,0,15000000,0,504559,2065393,41130,24,,,,
1416444236.80083,pg_catalog,pg_foreign_data_wrapper,0,0,0,0,0,0,0,0,0,0,0,0,0,0,,,,
1416444236.80083,pg_catalog,pg_conversion,0,0,0,0,0,0,0,0,0,0,0,0,0,0,,,,
1416444236.80083,public,part,6,12000000,0,0,2000000,0,0,0,2000000,0,79009,408772,42753,3,,,,
1416444236.80083,pg_catalog,pg_class,1492,337019,118022,108728,301,78,270,72,330,66,1024,121610,977,247253,,,,
1416444236.80083,information_schema,sql_implementation_info,0,0,,,0,0,0,0,0,0,0,0,,,0,0,0,0
1416444236.80083,pg_catalog,pg_opfamily,0,0,0,0,0,0,0,0,0,0,0,0,0,0,,,,
1416444236.80083,pg_catalog,pg_auth_members,0,0,0,0,0,0,0,0,0,0,0,0,0,0,,,,
1416444236.80083,pg_catalog,pg_operator,0,0,35360,184123,0,0,0,0,0,0,841,127577,713,76870,,,,
1416444236.80083,information_schema,sql_languages,0,0,,,0,0,0,0,0,0,0,0,,,0,0,0,0
1416444236.80083,pg_toast,pg_toast_12693,0,0,0,0,0,0,0,0,0,0,0,0,0,0,,,,
1416444236.80083,pg_catalog,pg_attribute,341,2325,95136,213549,1168,38,1002,15,2502,350,2697,111076,846,199926,,,,
1416444236.80083,pg_toast,pg_toast_12698,0,0,0,0,0,0,0,0,0,0,0,0,0,0,,,,
1416444236.80083,pg_catalog,pg_tablespace,2,4,3315,3315,0,0,0,0,0,0,77,3240,164,6486,,,,
1416444236.80083,pg_catalog,pg_statistic,0,0,24806,23665,284,640,237,359,448,107,1624,24442,277,53889,5614,22615,230,19714
1416444236.80083,pg_toast,pg_toast_12703,0,0,0,0,0,0,0,0,0,0,0,0,0,0,,,,
1416444236.80083,information_schema,sql_packages,0,0,,,0,0,0,0,0,0,0,0,,,0,0,0,0
1416444236.80083,information_schema,sql_sizing_profiles,0,0,,,0,0,0,0,0,0,0,0,,,0,0,0,0
1416444236.80083,pg_catalog,pg_aggregate,0,0,2444,2444,0,0,0,0,0,0,155,2289,360,3904,,,,
1416444236.80083,pg_catalog,pg_inherits,0,0,147,0,0,0,0,0,0,0,0,0,77,70,,,,
1416444236.80083,pg_catalog,pg_enum,0,0,0,0,0,0,0,0,0,0,0,0,0,0,,,,
1416444236.80083,pg_toast,pg_toast_2396,0,0,0,0,0,0,0,0,0,0,0,0,0,0,,,,
1416444236.80083,pg_catalog,pg_pltemplate,0,0,0,0,0,0,0,0,0,0,0,0,0,0,,,,
1416444236.80083,pg_toast,pg_toast_2618,0,0,541,1726,0,0,0,0,0,0,339,326,98,776,,,,
1416444236.80083,public,supplier,4,400000,0,0,100000,0,0,0,100000,0,2314,20010,276,3,,,,
1416444236.80083,pg_toast,pg_toast_3596,0,0,0,0,0,0,0,0,0,0,0,0,0,0,,,,
1416444236.80083,information_schema,sql_features,0,0,,,0,0,0,0,0,0,0,0,,,0,0,0,0
1416444236.80083,pg_toast,pg_toast_2606,0,0,0,0,0,0,0,0,0,0,0,0,0,0,,,,
1416444236.80083,pg_toast,pg_toast_12723,0,0,0,0,0,0,0,0,0,0,0,0,0,0,,,,
1416444236.80083,pg_toast,pg_toast_2964,0,0,0,0,0,0,0,0,0,0,0,0,0,0,,,,
1416444236.80083,public,time_statistics,0,0,,,1,0,0,0,1,0,1,0,,,,,,
1416444236.80083,pg_catalog,pg_database,355,1342,15875,15873,1,0,0,0,1,0,29,16200,205,25481,,,,
1416444236.80083,information_schema,sql_sizing,0,0,,,0,0,0,0,0,0,0,0,,,0,0,0,0
1416444236.80083,pg_toast,pg_toast_2620,0,0,0,0,0,0,0,0,0,0,0,0,0,0,,,,
1416444236.80083,pg_catalog,pg_depend,0,0,6410,6840,1196,0,1125,0,7088,1126,889,7622,1578,16654,,,,
1416444236.80083,pg_catalog,pg_language,0,0,0,0,0,0,0,0,0,0,0,0,0,0,,,,
1416444236.80083,pg_catalog,pg_amproc,62,124,22720,66651,0,0,0,0,0,0,409,22171,213,50032,,,,
1416444236.80083,pg_catalog,pg_collation,0,0,0,0,0,0,0,0,0,0,0,0,0,0,,,,
1416444236.80083,pg_toast,pg_toast_12708,0,0,0,0,0,0,0,0,0,0,0,0,0,0,,,,
1416444236.80083,pg_catalog,pg_range,0,0,1095,0,0,0,0,0,0,0,0,0,346,1844,,,,
1416444236.80083,pg_toast,pg_toast_2609,0,0,0,0,0,0,0,0,0,0,0,0,0,0,,,,
1416444236.80083,pg_catalog,pg_opclass,62,62,30432,317285,0,0,0,0,0,0,153,126697,364,36888,,,,
1416444236.80083,pg_catalog,pg_rewrite,0,0,1217,983,78,0,78,0,112,6,533,979,270,1806,339,326,196,1552
1416444236.80083,pg_toast,pg_toast_1255,0,0,0,0,0,0,0,0,0,0,0,0,0,0,,,,
1416444236.80083,pg_catalog,pg_seclabel,0,0,663,0,0,0,0,0,0,0,0,0,71,592,0,0,0,0
1416444236.80083,pg_catalog,pg_ts_parser,0,0,0,0,0,0,0,0,0,0,0,0,0,0,,,,
1416444236.80083,pg_catalog,pg_trigger,0,0,0,0,0,0,0,0,0,0,0,0,0,0,0,0,0,0
1416444236.80083,pg_catalog,pg_shseclabel,0,0,0,0,0,0,0,0,0,0,0,0,0,0,,,,
1416444236.80083,pg_catalog,pg_event_trigger,0,0,302,0,0,0,0,0,0,0,0,0,73,229,,,,
1416444236.80083,pg_catalog,pg_foreign_table,0,0,0,0,0,0,0,0,0,0,0,0,0,0,,,,
1416444236.80083,public,region,2,10,0,0,5,0,0,0,5,0,5,7,1,0,,,,
1416444236.80083,pg_catalog,pg_extension,0,0,0,0,0,0,0,0,0,0,0,0,0,0,,,,
1416444236.80083,public,lineitem,1,59986052,0,0,59986052,0,0,0,59986052,0,2129049,2309933,0,0,,,,
1416444236.80083,pg_catalog,pg_ts_config,0,0,0,0,0,0,0,0,0,0,0,0,0,0,,,,
1416444236.80083,public,nation,2,50,0,0,25,0,0,0,25,0,5,7,1,0,,,,
1416444236.80083,pg_catalog,pg_shdescription,0,0,0,0,0,0,0,0,0,0,0,0,0,0,0,0,0,0
1416444236.80083,pg_catalog,pg_cast,0,0,154760,36901,0,0,0,0,0,0,165,36736,105,159151,,,,
1416444236.80083,pg_catalog,pg_amop,0,0,38619,67756,0,0,0,0,0,0,279,64768,623,82130,,,,
1416444236.80083,pg_catalog,pg_user_mapping,0,0,0,0,0,0,0,0,0,0,0,0,0,0,,,,
1416444236.80083,pg_catalog,pg_type,0,0,109998,108872,310,0,291,0,360,47,590,109519,983,226321,,,,
1416444236.80083,information_schema,sql_parts,0,0,,,0,0,0,0,0,0,0,0,,,0,0,0,0
1416444236.80083,pg_catalog,pg_largeobject,0,0,0,0,0,0,0,0,0,0,0,0,0,0,,,,
1416444236.80083,pg_catalog,pg_ts_config_map,0,0,0,0,0,0,0,0,0,0,0,0,0,0,,,,
1416444236.80083,pg_catalog,pg_largeobject_metadata,0,0,0,0,0,0,0,0,0,0,0,0,0,0,,,,
1416444236.80083,pg_catalog,pg_am,6826,6826,0,0,0,0,0,0,0,0,49,6777,0,0,,,,
1416444236.80083,pg_toast,pg_toast_12718,0,0,0,0,0,0,0,0,0,0,0,0,0,0,,,,
1416444236.80083,pg_catalog,pg_ts_template,0,0,0,0,0,0,0,0,0,0,0,0,0,0,,,,
1416444236.80083,pg_catalog,pg_foreign_server,0,0,0,0,0,0,0,0,0,0,0,0,0,0,,,,
1416444236.80083,pg_catalog,pg_namespace,260,2326,23202,18524,4,0,0,0,4,0,55,18740,267,28004,,,,
1416444236.80083,public,customer,6,9000000,0,0,1500000,0,0,0,1500000,0,68535,365425,17749,3,,,,
1416444236.80083,pg_toast,pg_toast_2619,0,0,16825,57683,1050,0,842,0,218,16,5614,22615,230,19714,,,,
1416444236.80083,pg_catalog,pg_authid,130,130,9435,9435,0,0,0,0,0,0,48,9517,216,18654,,,,
1416444236.80083,pg_catalog,pg_default_acl,0,0,628,0,0,0,0,0,0,0,0,0,65,563,,,,
1416444236.80083,pg_catalog,pg_shdepend,0,0,826,162,0,0,0,0,0,0,73,89,294,838,,,,
1416444236.80083,pg_catalog,pg_constraint,0,0,55,24,31,0,24,0,9,24,18,157,32,295,0,0,0,0
1416444236.80083,pg_catalog,pg_index,738,72927,50024,71983,144,0,123,0,136,41,530,58717,315,57364,,,,
1416444236.80083,public,partsupp,3,24000000,0,0,8000000,0,0,0,8000000,0,340615,1296477,21936,6,,,,
1416444236.80083,pg_catalog,pg_ts_dict,0,0,0,0,0,0,0,0,0,0,0,0,0,0,,,,
1416444236.80083,pg_toast,pg_toast_2604,0,0,0,0,0,0,0,0,0,0,0,0,0,0,,,,
1416444236.80083,pg_catalog,pg_proc,0,0,40707,60545,0,0,0,0,0,0,3794,40303,1539,88666,0,0,0,0
1416444296.80274,pg_catalog,pg_attrdef,0,0,0,0,0,0,0,0,0,0,0,0,0,0,0,0,0,0
1416444296.80274,pg_catalog,pg_db_role_setting,0,0,19672,0,0,0,0,0,0,0,0,0,45,19627,0,0,0,0
1416444296.80274,pg_toast,pg_toast_12713,0,0,0,0,0,0,0,0,0,0,0,0,0,0,,,,
1416444296.80274,pg_catalog,pg_rowsecurity,0,0,0,0,0,0,0,0,0,0,0,0,0,0,,,,
1416444296.80274,pg_catalog,pg_description,0,0,663,0,0,0,0,0,0,0,0,0,219,1254,0,0,0,0
1416444296.80274,public,orders,4,60000000,0,0,15000000,0,0,0,15000000,0,504559,2065393,41130,24,,,,
1416444296.80274,pg_catalog,pg_foreign_data_wrapper,0,0,0,0,0,0,0,0,0,0,0,0,0,0,,,,
1416444296.80274,pg_catalog,pg_conversion,0,0,0,0,0,0,0,0,0,0,0,0,0,0,,,,
1416444296.80274,public,part,6,12000000,0,0,2000000,0,0,0,2000000,0,79009,408772,42753,3,,,,
1416444296.80274,pg_catalog,pg_class,1502,340006,118390,109090,303,78,270,72,332,66,1024,122086,977,248020,,,,
1416444296.80274,information_schema,sql_implementation_info,0,0,,,0,0,0,0,0,0,0,0,,,0,0,0,0
1416444296.80274,pg_catalog,pg_opfamily,0,0,0,0,0,0,0,0,0,0,0,0,0,0,,,,
1416444296.80274,pg_catalog,pg_auth_members,0,0,0,0,0,0,0,0,0,0,0,0,0,0,,,,
1416444296.80274,pg_catalog,pg_operator,0,0,35376,184139,0,0,0,0,0,0,841,127593,713,76909,,,,
1416444296.80274,information_schema,sql_languages,0,0,,,0,0,0,0,0,0,0,0,,,0,0,0,0
1416444296.80274,pg_toast,pg_toast_12693,0,0,0,0,0,0,0,0,0,0,0,0,0,0,,,,
1416444296.80274,pg_catalog,pg_attribute,341,2325,95350,213989,1171,40,1002,17,2505,352,2697,111310,846,200380,,,,
1416444296.80274,pg_toast,pg_toast_12698,0,0,0,0,0,0,0,0,0,0,0,0,0,0,,,,
1416444296.80274,pg_catalog,pg_tablespace,2,4,3320,3320,0,0,0,0,0,0,77,3245,164,6496,,,,
1416444296.80274,pg_catalog,pg_statistic,0,0,24827,23682,284,640,237,359,448,107,1624,24459,277,53935,5614,22618,230,19720
1416444296.80274,pg_toast,pg_toast_12703,0,0,0,0,0,0,0,0,0,0,0,0,0,0,,,,
1416444296.80274,information_schema,sql_packages,0,0,,,0,0,0,0,0,0,0,0,,,0,0,0,0
1416444296.80274,information_schema,sql_sizing_profiles,0,0,,,0,0,0,0,0,0,0,0,,,0,0,0,0
1416444296.80274,pg_catalog,pg_aggregate,0,0,2445,2445,0,0,0,0,0,0,155,2290,360,3906,,,,
1416444296.80274,pg_catalog,pg_inherits,0,0,147,0,0,0,0,0,0,0,0,0,77,70,,,,
1416444296.80274,pg_catalog,pg_enum,0,0,0,0,0,0,0,0,0,0,0,0,0,0,,,,
1416444296.80274,pg_toast,pg_toast_2396,0,0,0,0,0,0,0,0,0,0,0,0,0,0,,,,
1416444296.80274,pg_catalog,pg_pltemplate,0,0,0,0,0,0,0,0,0,0,0,0,0,0,,,,
1416444296.80274,pg_toast,pg_toast_2618,0,0,545,1740,0,0,0,0,0,0,339,331,98,782,,,,
1416444296.80274,public,supplier,4,400000,0,0,100000,0,0,0,100000,0,2314,20010,276,3,,,,
1416444296.80274,pg_toast,pg_toast_3596,0,0,0,0,0,0,0,0,0,0,0,0,0,0,,,,
1416444296.80274,information_schema,sql_features,0,0,,,0,0,0,0,0,0,0,0,,,0,0,0,0
1416444296.80274,pg_toast,pg_toast_2606,0,0,0,0,0,0,0,0,0,0,0,0,0,0,,,,
1416444296.80274,pg_toast,pg_toast_12723,0,0,0,0,0,0,0,0,0,0,0,0,0,0,,,,
1416444296.80274,pg_toast,pg_toast_2964,0,0,0,0,0,0,0,0,0,0,0,0,0,0,,,,
1416444296.80274,public,time_statistics,0,0,,,1,0,0,0,1,0,1,0,,,,,,
1416444296.80274,pg_catalog,pg_database,358,1354,15910,15908,1,0,0,0,1,0,29,16238,205,25530,,,,
1416444296.80274,information_schema,sql_sizing,0,0,,,0,0,0,0,0,0,0,0,,,0,0,0,0
1416444296.80274,pg_toast,pg_toast_2620,0,0,0,0,0,0,0,0,0,0,0,0,0,0,,,,
1416444296.80274,pg_catalog,pg_depend,0,0,6417,6846,1200,0,1125,0,7092,1126,889,7634,1578,16688,,,,
1416444296.80274,pg_catalog,pg_language,0,0,0,0,0,0,0,0,0,0,0,0,0,0,,,,
1416444296.80274,pg_catalog,pg_amproc,62,124,22739,66689,0,0,0,0,0,0,409,22190,213,50076,,,,
1416444296.80274,pg_catalog,pg_collation,0,0,0,0,0,0,0,0,0,0,0,0,0,0,,,,
1416444296.80274,pg_toast,pg_toast_12708,0,0,0,0,0,0,0,0,0,0,0,0,0,0,,,,
1416444296.80274,pg_catalog,pg_range,0,0,1095,0,0,0,0,0,0,0,0,0,346,1844,,,,
1416444296.80274,pg_toast,pg_toast_2609,0,0,0,0,0,0,0,0,0,0,0,0,0,0,,,,
1416444296.80274,pg_catalog,pg_opclass,62,62,30458,317590,0,0,0,0,0,0,153,126799,364,36925,,,,
1416444296.80274,pg_catalog,pg_rewrite,0,0,1223,989,78,0,78,0,112,6,533,985,270,1816,339,331,196,1564
1416444296.80274,pg_toast,pg_toast_1255,0,0,0,0,0,0,0,0,0,0,0,0,0,0,,,,
1416444296.80274,pg_catalog,pg_seclabel,0,0,663,0,0,0,0,0,0,0,0,0,71,592,0,0,0,0
1416444296.80274,pg_catalog,pg_ts_parser,0,0,0,0,0,0,0,0,0,0,0,0,0,0,,,,
1416444296.80274,pg_catalog,pg_trigger,0,0,0,0,0,0,0,0,0,0,0,0,0,0,0,0,0,0
1416444296.80274,pg_catalog,pg_shseclabel,0,0,0,0,0,0,0,0,0,0,0,0,0,0,,,,
1416444296.80274,pg_catalog,pg_event_trigger,0,0,304,0,0,0,0,0,0,0,0,0,73,231,,,,
1416444296.80274,pg_catalog,pg_foreign_table,0,0,0,0,0,0,0,0,0,0,0,0,0,0,,,,
1416444296.80274,public,region,2,10,0,0,5,0,0,0,5,0,5,7,1,0,,,,
1416444296.80274,pg_catalog,pg_extension,0,0,0,0,0,0,0,0,0,0,0,0,0,0,,,,
1416444296.80274,public,lineitem,4,239944208,0,0,59986052,0,0,0,59986052,0,5318914,2316319,0,0,,,,
1416444296.80274,pg_catalog,pg_ts_config,0,0,0,0,0,0,0,0,0,0,0,0,0,0,,,,
1416444296.80274,public,nation,2,50,0,0,25,0,0,0,25,0,5,7,1,0,,,,
1416444296.80274,pg_catalog,pg_shdescription,0,0,0,0,0,0,0,0,0,0,0,0,0,0,0,0,0,0
1416444296.80274,pg_catalog,pg_cast,0,0,154845,36937,0,0,0,0,0,0,165,36772,105,159242,,,,
1416444296.80274,pg_catalog,pg_amop,0,0,38646,67798,0,0,0,0,0,0,279,64810,623,82190,,,,
1416444296.80274,pg_catalog,pg_user_mapping,0,0,0,0,0,0,0,0,0,0,0,0,0,0,,,,
1416444296.80274,pg_catalog,pg_type,0,0,110076,108950,310,0,291,0,360,47,590,109597,983,226483,,,,
1416444296.80274,information_schema,sql_parts,0,0,,,0,0,0,0,0,0,0,0,,,0,0,0,0
1416444296.80274,pg_catalog,pg_largeobject,0,0,0,0,0,0,0,0,0,0,0,0,0,0,,,,
1416444296.80274,pg_catalog,pg_ts_config_map,0,0,0,0,0,0,0,0,0,0,0,0,0,0,,,,
1416444296.80274,pg_catalog,pg_largeobject_metadata,0,0,0,0,0,0,0,0,0,0,0,0,0,0,,,,
1416444296.80274,pg_catalog,pg_am,6835,6835,0,0,0,0,0,0,0,0,49,6786,0,0,,,,
1416444296.80274,pg_toast,pg_toast_12718,0,0,0,0,0,0,0,0,0,0,0,0,0,0,,,,
1416444296.80274,pg_catalog,pg_ts_template,0,0,0,0,0,0,0,0,0,0,0,0,0,0,,,,
1416444296.80274,pg_catalog,pg_foreign_server,0,0,0,0,0,0,0,0,0,0,0,0,0,0,,,,
1416444296.80274,pg_catalog,pg_namespace,262,2346,23355,18671,4,0,0,0,4,0,55,18889,267,28166,,,,
1416444296.80274,public,customer,6,9000000,0,0,1500000,0,0,0,1500000,0,68535,365425,17749,3,,,,
1416444296.80274,pg_toast,pg_toast_2619,0,0,16828,57689,1050,0,842,0,218,16,5614,22618,230,19720,,,,
1416444296.80274,pg_catalog,pg_authid,131,131,9445,9445,0,0,0,0,0,0,48,9528,216,18674,,,,
1416444296.80274,pg_catalog,pg_default_acl,0,0,628,0,0,0,0,0,0,0,0,0,65,563,,,,
1416444296.80274,pg_catalog,pg_shdepend,0,0,826,162,0,0,0,0,0,0,73,89,294,838,,,,
1416444296.80274,pg_catalog,pg_constraint,0,0,56,24,32,0,24,0,10,24,18,161,32,304,0,0,0,0
1416444296.80274,pg_catalog,pg_index,743,73607,50087,72070,146,0,123,0,138,41,530,58818,315,57443,,,,
1416444296.80274,public,partsupp,3,24000000,0,0,8000000,0,0,0,8000000,0,340615,1296477,21936,6,,,,
1416444296.80274,pg_catalog,pg_ts_dict,0,0,0,0,0,0,0,0,0,0,0,0,0,0,,,,
1416444296.80274,pg_toast,pg_toast_2604,0,0,0,0,0,0,0,0,0,0,0,0,0,0,,,,
1416444296.80274,pg_catalog,pg_proc,0,0,40779,60645,0,0,0,0,0,0,3794,40387,1539,88818,0,0,0,0
